run,average_dist,std_average_dist,Treefile,CS,FDR,MAD,Kuiper/KS,Qn/MAD,q-values,Within_cluster_limit,Solution_Index,Clean_up,Prior_taxa_clustered(%),#_of_clustered_sequences,Total_no_of_sequences,%_clustered,#_of_clusters,Mean_cluster_size,S.D.,Median_cluster_size,MAD.1,Min_cluster_size,Max_cluster_size,Grand_mean_of_mean_pwd,S.D..1,Grand_mean_of_median_pwd,S.D..2,Min_mean_pwd,Max_mean_pwd,Mean_of_inter-cluster_dist,S.D..3,Median_of_inter-cluster_dist,MAD.2,Min_inter-cluster_dist,Max_inter-cluster_dist,solver(version)
cs3_fdr0.2_gam3.0,28627.91160066603,163432.90123032941,zero-branch-length-collapsed_WHO_2009_full_rooted,3,0.2,3.0,kuiper,qn,post,0.016535938237100003,0,post-clean,na,1204,1224,0.9836601307189999,39,30.871794871794872,59.80986518133482,12.0,8.8956,3,300,0.010158864588137691,0.0038840010648045578,0.009709381813163968,0.004549312552696747,0.00044121146817959373,0.01902024194404709,0.030304095737636375,0.015860902059955433,0.02834151157410266,0.017545201092380783,3.0000015000799997e-06,0.0875880471268,"gurobi_(8, 0, 0)"
cs4_fdr0.15_gam3.0,32093.109166858583,172185.2756600472,zero-branch-length-collapsed_WHO_2009_full_rooted,4,0.15,3.0,kuiper,qn,post,0.016535938237100003,0,post-clean,na,1202,1224,0.982026143791,35,34.34285714285714,62.402838763266885,15.0,10.3782,4,300,0.011168988268285971,0.003503024863232452,0.010944893489878827,0.004245743477662903,0.0044889460402748795,0.01782540126066668,0.028289845564811,0.014112859481224227,0.02733895390498009,0.015847157922628797,0.00065521030914,0.06589931735849999,"gurobi_(8, 0, 0)"
cs4_fdr0.2_gam3.0,30601.48861784136,167593.55183779387,zero-branch-length-collapsed_WHO_2009_full_rooted,4,0.2,3.0,kuiper,qn,post,0.016535938237100003,0,post-clean,na,1201,1224,0.9812091503270001,37,32.45945945945946,61.28104410310228,16.0,10.3782,4,300,0.010556097839679342,0.004131320201174357,0.0104196349025198,0.004782684239168739,0.0012181506441108468,0.01782540126066668,0.0293842590360318,0.014379966578721481,0.028681274767842168,0.015894722869937015,2.0000010000599997e-06,0.0639371801772,"gurobi_(8, 0, 0)"
cs5_fdr0.1_gam3.0,30364.642225283493,167625.67736429066,zero-branch-length-collapsed_WHO_2009_full_rooted,5,0.1,3.0,kuiper,qn,post,0.016535938237100003,0,post-clean,na,1201,1224,0.9812091503270001,37,32.45945945945946,61.103552631120756,15.0,10.3782,5,300,0.010597195602349258,0.004257032989302061,0.010101526816726464,0.004816370768395087,0.0017189969493341176,0.018563290997677527,0.02921329660844443,0.014432364011736459,0.028620898489582405,0.01661419608907073,0.00065521030914,0.0718828412717,"gurobi_(8, 0, 0)"
cs3_fdr0.15_gam3.0,31316.182477658607,169850.5923838896,zero-branch-length-collapsed_WHO_2009_full_rooted,3,0.15,3.0,kuiper,qn,post,0.016535938237100003,0,post-clean,na,1199,1224,0.979575163399,36,33.30555555555556,61.54014691678663,13.5,8.8956,4,300,0.010582693998283562,0.0037924507812195046,0.01060654586719528,0.004421830830232737,0.0012181506441108468,0.01717963306894974,0.02874233427782288,0.014139020221961212,0.028139058021660137,0.015462753828437203,2.0000010000599997e-06,0.0639212067869,"gurobi_(8, 0, 0)"
cs5_fdr0.15_gam3.0,30448.20154186483,167619.037957028,zero-branch-length-collapsed_WHO_2009_full_rooted,5,0.15,3.0,kuiper,qn,post,0.016535938237100003,0,post-clean,na,1197,1224,0.977941176471,37,32.351351351351354,61.045618741786605,13.0,10.3782,5,300,0.010636077046686628,0.004030580170178552,0.01022827657696626,0.004861601218084658,0.0017189969493341176,0.01782540126066668,0.02932290294996408,0.01439869290291604,0.02853882296422784,0.015987569996691108,0.00065521030914,0.0718828412717,"gurobi_(8, 0, 0)"
cs6_fdr0.2_gam3.0,37904.98833356813,185373.38088935963,zero-branch-length-collapsed_WHO_2009_full_rooted,6,0.2,3.0,kuiper,qn,post,0.016535938237100003,0,post-clean,na,1197,1224,0.977941176471,30,39.9,66.6231553409639,18.5,13.3434,6,300,0.011496083229740113,0.003470181655309837,0.01143331813223343,0.0041213224933696994,0.003844703673220987,0.018563290997677527,0.027834121149562203,0.014022772917971485,0.027060430467190914,0.015716246506162115,0.0006572103101399999,0.0672056488188,"gurobi_(8, 0, 0)"
cs6_fdr0.15_gam3.0,31574.59474978157,169811.16190551853,zero-branch-length-collapsed_WHO_2009_full_rooted,6,0.15,3.0,kuiper,qn,post,0.016535938237100003,0,post-clean,na,1196,1224,0.977124183007,36,33.22222222222222,62.05118215110174,14.5,11.1195,6,300,0.010545382351861296,0.0035963916258070897,0.010582118591644485,0.004077593648406923,0.001718727248508579,0.01782540126066668,0.028863355723468476,0.01511747593795424,0.02762599807481701,0.016599458661065415,1.0000005000299999e-06,0.0753972178174,"gurobi_(8, 0, 0)"
cs5_fdr0.2_gam3.0,29364.92873947435,165504.83028149905,zero-branch-length-collapsed_WHO_2009_full_rooted,5,0.2,3.0,kuiper,qn,post,0.016535938237100003,0,post-clean,na,1195,1224,0.976307189542,38,31.447368421052627,59.22868980139885,14.0,11.8608,5,295,0.010140856475574963,0.0040665359104624715,0.009885025965076191,0.004601126996108882,0.0017189969493341176,0.01782540126066668,0.030818050030646024,0.015234667707658741,0.02966190846785293,0.016610935769262442,0.0013133433582499998,0.0800744102703,"gurobi_(8, 0, 0)"
cs6_fdr0.1_gam3.0,30571.68463636259,167598.89306158744,zero-branch-length-collapsed_WHO_2009_full_rooted,6,0.1,3.0,kuiper,qn,post,0.016535938237100003,0,post-clean,na,1194,1224,0.975490196078,37,32.270270270270274,61.07947857261637,13.0,8.8956,6,300,0.010298674333496679,0.003647172935849506,0.01025813953071655,0.004102396819514343,0.001718727248508579,0.01782540126066668,0.029610087143063277,0.015144536640735297,0.028687992865384492,0.016506718340547368,2.0000010000599997e-06,0.0753972178174,"gurobi_(8, 0, 0)"
cs8_fdr0.2_gam3.0,32228.25449941834,172163.71781947167,zero-branch-length-collapsed_WHO_2009_full_rooted,8,0.2,3.0,kuiper,qn,post,0.016535938237100003,0,post-clean,na,1193,1224,0.974673202614,35,34.08571428571429,62.27045916029215,13.0,7.4129999999999985,8,300,0.011191087337657495,0.003432065944715552,0.011144757892517334,0.003869489868382106,0.003383286024072277,0.018563290997677527,0.02653395640986545,0.013430705548877236,0.025973984637949213,0.014649208849907096,1.0000005000299999e-06,0.0639371801772,"gurobi_(8, 0, 0)"
cs8_fdr0.15_gam3.0,35516.448627933234,179723.002945433,zero-branch-length-collapsed_WHO_2009_full_rooted,8,0.15,3.0,kuiper,qn,post,0.016535938237100003,0,post-clean,na,1193,1224,0.974673202614,32,37.28125,66.12950850536612,13.0,6.6717,8,300,0.011480567276764022,0.0037374295818297866,0.011274641059172495,0.00426094643142839,0.003383286024072277,0.018672756740518232,0.025543589103143083,0.013517084568824216,0.02508376750903839,0.014769731651838225,2.0000010000599997e-06,0.0639371801772,"gurobi_(8, 0, 0)"
cs4_fdr0.1_gam3.0,28004.595116907858,161354.166310439,zero-branch-length-collapsed_WHO_2009_full_rooted,4,0.1,3.0,kuiper,qn,post,0.016535938237100003,0,post-clean,na,1192,1224,0.97385620915,40,29.8,49.667200134804965,13.5,11.1195,4,300,0.009737513064972286,0.0036360983191268017,0.009451860291358144,0.0040584353917731564,0.0012181506441108468,0.01782540126066668,0.028536943074170863,0.014439844866048056,0.027332103962117785,0.015251250070693806,1.0000005000299999e-06,0.0753972178174,"gurobi_(8, 0, 0)"
cs8_fdr0.05_gam3.0,34450.72727600033,177080.19442881807,zero-branch-length-collapsed_WHO_2009_full_rooted,8,0.05,3.0,kuiper,qn,post,0.016535938237100003,0,post-clean,na,1192,1224,0.97385620915,33,36.12121212121213,64.42231638558837,16.0,10.3782,8,300,0.0114190092181953,0.0037326467854013508,0.011231097079649251,0.0040764029940389725,0.003383286024072277,0.018672756740518232,0.026003757544163363,0.013320596617847588,0.02500707818192623,0.013954535457191488,0.0006572103101399999,0.0639371801772,"gurobi_(8, 0, 0)"
cs8_fdr0.1_gam3.0,35292.9686952936,179756.08743334442,zero-branch-length-collapsed_WHO_2009_full_rooted,8,0.1,3.0,kuiper,qn,post,0.016535938237100003,0,post-clean,na,1192,1224,0.97385620915,32,37.25,65.14896082651045,15.0,10.3782,8,300,0.011607563860485948,0.0036631920811301868,0.011272211019996477,0.0041555298981133535,0.003383286024072277,0.018563290997677527,0.02571172577106908,0.01336552542810412,0.0246610169023556,0.014023777077512279,3.0000015000799997e-06,0.0639371801772,"gurobi_(8, 0, 0)"
cs3_fdr0.1_gam3.0,31864.011593207077,172101.07031498794,zero-branch-length-collapsed_WHO_2009_full_rooted,3,0.1,3.0,kuiper,qn,post,0.016535938237100003,0,post-clean,na,1191,1224,0.9730392156859999,35,34.02857142857143,54.68922128143486,15.0,11.8608,4,300,0.010305367253623837,0.0037626110991529,0.009871062856329042,0.004215760690739104,0.0012181506441108468,0.01782540126066668,0.028699756731974495,0.014422880379665624,0.027492434111839426,0.015187426534114826,0.00065521030914,0.0753972178174,"gurobi_(8, 0, 0)"
cs7_fdr0.15_gam3.0,34133.7251106592,177123.79492546077,zero-branch-length-collapsed_WHO_2009_full_rooted,7,0.15,3.0,kuiper,qn,post,0.016535938237100003,0,post-clean,na,1191,1224,0.9730392156859999,33,36.09090909090909,63.8119128946369,16.0,10.3782,7,300,0.011084732724479022,0.0035947160477463914,0.01046143124139275,0.004040211062647666,0.0038464641507589717,0.01782540126066668,0.0273388396135522,0.013704529257017631,0.026771051739187427,0.015249272658518671,0.0006740274162630001,0.0639212067869,"gurobi_(8, 0, 0)"
cs2_fdr0.2_gam3.0,29860.789957393383,165435.33694865945,zero-branch-length-collapsed_WHO_2009_full_rooted,2,0.2,3.0,kuiper,qn,post,0.016535938237100003,0,post-clean,na,1190,1224,0.972222222222,38,31.315789473684212,53.91690566907056,14.5,11.1195,4,300,0.010014447665732742,0.003487559492882221,0.00989263884770928,0.003993400480289098,0.0012181506441108468,0.01782540126066668,0.02897093069537656,0.014481918290831553,0.02795591917840895,0.01570724420316055,0.00065621030964,0.0753972178174,"gurobi_(8, 0, 0)"
cs3_fdr0.05_gam3.0,34096.01214877362,177062.3300472922,zero-branch-length-collapsed_WHO_2009_full_rooted,3,0.05,3.0,kuiper,qn,post,0.016535938237100003,0,post-clean,na,1190,1224,0.972222222222,33,36.06060606060606,57.14069226148045,17.0,10.3782,4,300,0.010549223558272468,0.003725096797844504,0.010234257725047192,0.004285508159574653,0.003748332918500586,0.017717992352290487,0.02844715870611508,0.014434098468404832,0.02723872016621806,0.015283570552995781,0.0006572103101399999,0.0753972178174,"gurobi_(8, 0, 0)"
cs2_fdr0.1_gam3.0,34321.10517318412,177023.58952197697,zero-branch-length-collapsed_WHO_2009_full_rooted,2,0.1,3.0,kuiper,qn,post,0.016535938237100003,0,post-clean,na,1190,1224,0.972222222222,33,36.06060606060606,55.88712921703182,18.0,14.826,2,300,0.010834505494882149,0.003401994007819609,0.01061490303861857,0.0038880328928322986,0.004838923036025472,0.01782540126066668,0.02742050435583913,0.014285285324423396,0.02599032667159129,0.014696136997572754,3.0000015000900002e-06,0.0753972178174,"gurobi_(8, 0, 0)"
cs6_fdr0.05_gam3.0,34331.02941028239,177033.01865828477,zero-branch-length-collapsed_WHO_2009_full_rooted,6,0.05,3.0,kuiper,qn,post,0.016535938237100003,0,post-clean,na,1190,1224,0.972222222222,33,36.06060606060606,54.47702462617807,18.0,14.826,6,300,0.010910776153657127,0.003951160567534928,0.01068084582701584,0.004477610570139261,0.001718727248508579,0.018003128644660738,0.02899926882595437,0.014541313357409637,0.02755967774918848,0.015541217747722168,4.00000200013e-06,0.0753972178174,"gurobi_(8, 0, 0)"
cs5_fdr0.05_gam3.0,34194.88718222305,177043.318613535,zero-branch-length-collapsed_WHO_2009_full_rooted,5,0.05,3.0,kuiper,qn,post,0.016535938237100003,0,post-clean,na,1189,1224,0.971405228758,33,36.03030303030303,55.9489079699533,22.0,16.3086,5,300,0.011074693801269743,0.0039306024576019295,0.011022322055534913,0.004434780927311567,0.001718727248508579,0.01782540126066668,0.028680719405935882,0.01465765037283196,0.027232645714659363,0.015122518730134316,2.0000010000599997e-06,0.0753972178174,"gurobi_(8, 0, 0)"
cs9_fdr0.2_gam3.0,37623.65382095904,185421.40959677947,zero-branch-length-collapsed_WHO_2009_full_rooted,9,0.2,3.0,kuiper,qn,post,0.016535938237100003,0,post-clean,na,1189,1224,0.971405228758,30,39.63333333333333,66.96344001655363,16.5,8.8956,9,300,0.011762302091894695,0.0035381929324530366,0.011289274182782413,0.003993795627438138,0.003692368599504844,0.01782540126066668,0.025222156821210668,0.013360796306094132,0.02376567286259406,0.014447978494276453,0.00065621030964,0.0626148753266,"gurobi_(8, 0, 0)"
cs9_fdr0.15_gam3.0,37483.9253434436,185447.2968600879,zero-branch-length-collapsed_WHO_2009_full_rooted,9,0.15,3.0,kuiper,qn,post,0.016535938237100003,0,post-clean,na,1189,1224,0.971405228758,30,39.63333333333333,67.06892149039716,16.5,10.3782,9,300,0.011825632808846234,0.003504213133710343,0.011345975021411651,0.003989181685225129,0.003692368599504844,0.01782540126066668,0.025070993925116428,0.013273140879849328,0.02344506307424973,0.014172327285244587,0.0006572103101399999,0.0626148753266,"gurobi_(8, 0, 0)"
cs7_fdr0.05_gam3.0,35887.683158735425,182479.7803719193,zero-branch-length-collapsed_WHO_2009_full_rooted,7,0.05,3.0,kuiper,qn,post,0.016535938237100003,0,post-clean,na,1188,1224,0.9705882352940001,31,38.32258064516129,63.85994419914786,17.0,11.8608,7,300,0.011494232114078077,0.003343427811955161,0.011010936409746758,0.004045226508551464,0.005677106743762664,0.01782540126066668,0.025604563877851247,0.013201916220480964,0.024292493044435117,0.014361220240319697,0.0006572103101399999,0.0639212067869,"gurobi_(8, 0, 0)"
cs7_fdr0.2_gam3.0,37902.87999055993,185374.175653307,zero-branch-length-collapsed_WHO_2009_full_rooted,7,0.2,3.0,kuiper,qn,post,0.016535938237100003,0,post-clean,na,1187,1224,0.96977124183,30,39.56666666666667,66.51610296780014,17.5,12.6021,7,300,0.0115137919335048,0.0034575979182297407,0.011211489541499224,0.00431414384529806,0.005208673723419168,0.01782540126066668,0.026806899301471527,0.013800188708022805,0.02669700054873413,0.014965157499251347,2.0000010000599997e-06,0.0672046488183,"gurobi_(8, 0, 0)"
cs9_fdr0.1_gam3.0,37447.16709961977,185454.61362021955,zero-branch-length-collapsed_WHO_2009_full_rooted,9,0.1,3.0,kuiper,qn,post,0.016535938237100003,0,post-clean,na,1187,1224,0.96977124183,30,39.56666666666667,66.96148318164,15.0,8.8956,9,300,0.0118102112359885,0.0035406104485569273,0.011326550734529076,0.004068501140427275,0.003692368599504844,0.01782540126066668,0.025247718167417433,0.013279971687775718,0.02367291942657736,0.014026991810155796,0.00065621030964,0.0626148753266,"gurobi_(8, 0, 0)"
cs7_fdr0.1_gam3.0,36387.74519448091,182531.70917381893,zero-branch-length-collapsed_WHO_2009_full_rooted,7,0.1,3.0,kuiper,qn,post,0.016535938237100003,0,post-clean,na,1186,1224,0.9689542483660001,31,38.25806451612903,66.45498112353229,13.0,8.8956,7,300,0.011511820707805943,0.0036739291841610742,0.011092219642398614,0.004198064576255136,0.003692368599504844,0.01782540126066668,0.025760409933419118,0.01355084785617557,0.02433494702079687,0.013921670718988055,0.00065521030914,0.0672046488183,"gurobi_(8, 0, 0)"
cs2_fdr0.15_gam3.0,32111.464325690547,172062.1634504823,zero-branch-length-collapsed_WHO_2009_full_rooted,2,0.15,3.0,kuiper,qn,post,0.016535938237100003,0,post-clean,na,1185,1224,0.968137254902,35,33.857142857142854,54.01804864887229,17.0,13.3434,2,300,0.010462747107099737,0.0034579428710351822,0.010002465531225758,0.004434379959257247,0.003844703673220987,0.017966459093589446,0.027988405036132785,0.014288819667540368,0.026966956168236567,0.01512058752823849,1.0000005000299999e-06,0.0753972178174,"gurobi_(8, 0, 0)"
cs2_fdr0.05_gam3.0,34062.59556347923,177068.6575869787,zero-branch-length-collapsed_WHO_2009_full_rooted,2,0.05,3.0,kuiper,qn,post,0.016535938237100003,0,post-clean,na,1185,1224,0.968137254902,33,35.90909090909091,57.134361178477604,16.0,11.8608,2,300,0.010472111212009128,0.0034413580815394053,0.010060927554978623,0.003950563755381504,0.004838923036025472,0.01782540126066668,0.027949372177242776,0.014393068213742456,0.026665220472357712,0.014690863592173775,0.00065521030914,0.0753972178174,"gurobi_(8, 0, 0)"
cs4_fdr0.05_gam3.0,32364.666301079174,172079.965332777,zero-branch-length-collapsed_WHO_2009_full_rooted,4,0.05,3.0,kuiper,qn,post,0.016535938237100003,0,post-clean,na,1181,1224,0.964869281046,35,33.74285714285714,54.915091066944036,17.0,13.3434,4,300,0.010980012358709542,0.0034446856356857136,0.010829477086671773,0.0042420881855459594,0.003748332918500586,0.016602186033264046,0.026886404554243192,0.014342889806635138,0.02574339001730474,0.015341565144598363,0.0006572103101399999,0.0753972178174,"gurobi_(8, 0, 0)"
cs9_fdr0.05_gam3.0,37609.67470874533,185424.1465901195,zero-branch-length-collapsed_WHO_2009_full_rooted,9,0.05,3.0,kuiper,qn,post,0.016535938237100003,0,post-clean,na,1181,1224,0.964869281046,30,39.36666666666667,61.63266226175261,17.5,9.6369,9,255,0.011688997827127196,0.0036549825855354905,0.011160205861805977,0.004264075623793389,0.003692368599504844,0.01815486509712704,0.02681609527427253,0.014007984602163612,0.026499404313074973,0.015418741164784387,2.0000010000599997e-06,0.0626148753266,"gurobi_(8, 0, 0)"
cs10_fdr0.1_gam3.0,40275.36290062725,191653.58428995655,zero-branch-length-collapsed_WHO_2009_full_rooted,10,0.1,3.0,kuiper,qn,post,0.016535938237100003,0,post-clean,na,1175,1224,0.959967320261,28,41.964285714285715,69.83869358524056,13.5,3.7065,10,300,0.011589324500845644,0.0031750222573290123,0.011131002977227009,0.0036349482207663564,0.005873921907026544,0.01840841656887929,0.022651541189882787,0.01265186305911903,0.021032565290620267,0.012676449885214932,2.0000010000599997e-06,0.0608017240482,"gurobi_(8, 0, 0)"
cs10_fdr0.2_gam3.0,38811.432079031074,188478.52662980356,zero-branch-length-collapsed_WHO_2009_full_rooted,10,0.2,3.0,kuiper,qn,post,0.016535938237100003,0,post-clean,na,1175,1224,0.959967320261,29,40.51724137931035,67.04882053381229,18.0,8.8956,10,300,0.011690567120992774,0.003313935110284184,0.011466865385096631,0.0035712727718375235,0.005873921907026544,0.018563290997677527,0.025491312668851858,0.01367889741217465,0.024833042012897218,0.01532786883014731,0.00065621030964,0.0619491237792,"gurobi_(8, 0, 0)"
cs10_fdr0.15_gam3.0,43391.60283587604,198550.24027645375,zero-branch-length-collapsed_WHO_2009_full_rooted,10,0.15,3.0,kuiper,qn,post,0.016535938237100003,0,post-clean,na,1174,1224,0.9591503267970001,26,45.153846153846146,71.64171539414298,17.5,8.1543,10,300,0.01199519811089304,0.0029104809446998227,0.011449406882941509,0.0035192294531059703,0.006826738592142896,0.018563290997677527,0.022981786132244237,0.012940477347201438,0.021074893190522047,0.013567395479935707,0.0006582103106399999,0.0608017240482,"gurobi_(8, 0, 0)"
cs10_fdr0.05_gam3.0,43824.06844529789,198471.75257242608,zero-branch-length-collapsed_WHO_2009_full_rooted,10,0.05,3.0,kuiper,qn,post,0.016535938237100003,0,post-clean,na,1170,1224,0.955882352941,26,45.0,70.96083426792556,19.0,11.1195,10,300,0.01220900793319892,0.00308308351686828,0.011826824891486891,0.0036547915994281635,0.006826738592142896,0.01902024194404709,0.02344969122421732,0.012880381227811658,0.02196231434200066,0.01307424020191144,0.0006582103106399999,0.0608017240482,"gurobi_(8, 0, 0)"
cs5_fdr0.2_gam2.0,8987.846980068123,37528.9262394834,zero-branch-length-collapsed_WHO_2009_full_rooted,5,0.2,2.0,kuiper,qn,post,0.012314260987100001,0,post-clean,na,1164,1224,0.950980392157,64,18.1875,20.245222834512038,11.0,8.1543,5,111,0.007986882204545756,0.0033440196563317487,0.007717772596951855,0.003742454748915453,0.0014668273268984536,0.021516932955863745,0.03421571684522888,0.015630562919631198,0.03536824257457132,0.0161479824385198,1.0000005000299999e-06,0.0849911443045,"gurobi_(8, 0, 0)"
cs4_fdr0.15_gam2.0,12631.52825200155,59046.21463713884,zero-branch-length-collapsed_WHO_2009_full_rooted,4,0.15,2.0,kuiper,qn,post,0.012314260987100001,0,post-clean,na,1162,1224,0.949346405229,59,19.69491525423729,22.757533225883183,11.0,8.8956,4,112,0.008601557272266755,0.002961549008468158,0.008263860182252612,0.0035640031711952577,0.0012181506441108468,0.02071201669415267,0.03211058360805215,0.014835411407756348,0.032564192952705316,0.015638453121151925,2.0000010000599997e-06,0.0800744102703,"gurobi_(8, 0, 0)"
cs5_fdr0.15_gam2.0,8776.213871925542,29737.965612766857,zero-branch-length-collapsed_WHO_2009_full_rooted,5,0.15,2.0,kuiper,qn,post,0.012314260987100001,0,post-clean,na,1162,1224,0.949346405229,57,20.385964912280702,18.073020921058895,13.0,10.3782,5,103,0.008616445562589422,0.0028858413691758536,0.00844623865942706,0.003536795852469893,0.0014668273268984536,0.02015563792565684,0.03193157416779109,0.01518259207540564,0.032317993246632364,0.015588431407361138,1.0000005000299999e-06,0.0849911443045,"gurobi_(8, 0, 0)"
cs4_fdr0.1_gam2.0,12839.369166424276,57177.25366199919,zero-branch-length-collapsed_WHO_2009_full_rooted,4,0.1,2.0,kuiper,qn,post,0.012314260987100001,0,post-clean,na,1162,1224,0.949346405229,55,21.12727272727273,23.136514787199825,12.0,8.8956,4,115,0.008877008756170871,0.003035232442874112,0.00880400275278862,0.003399668307719041,0.0012181506441108468,0.021447744824712425,0.032181429153275085,0.01489312454398105,0.032650527928844174,0.016290089170030768,1.0000005000299999e-06,0.0800744102703,"gurobi_(8, 0, 0)"
cs4_fdr0.2_gam2.0,8299.164906089467,42135.93318445444,zero-branch-length-collapsed_WHO_2009_full_rooted,4,0.2,2.0,kuiper,qn,post,0.012314260987100001,0,post-clean,na,1161,1224,0.9485294117649999,66,17.59090909090909,18.523147491908414,12.0,8.8956,4,138,0.007777539566892908,0.003325787813167325,0.007368521450158007,0.0035758558967171382,0.0012181506441108468,0.021447744824712425,0.033437922614092036,0.015265933684110253,0.03453048293107794,0.015431530956209697,1.0000005000299999e-06,0.0849911443045,"gurobi_(8, 0, 0)"
cs3_fdr0.15_gam2.0,12219.488660033341,58931.591556263935,zero-branch-length-collapsed_WHO_2009_full_rooted,3,0.15,2.0,kuiper,qn,post,0.012314260987100001,0,post-clean,na,1160,1224,0.947712418301,59,19.661016949152547,21.692689193947924,11.0,7.4129999999999985,3,120,0.008431731544020063,0.00323843031700487,0.008224774187056288,0.003606722179870811,0.0012181506441108468,0.021516932955863745,0.032278859416951536,0.01507220045924343,0.032568192954705436,0.015814556404306658,1.0000005000299999e-06,0.0800744102703,"gurobi_(8, 0, 0)"
cs3_fdr0.2_gam2.0,9066.772852277976,45041.28851327921,zero-branch-length-collapsed_WHO_2009_full_rooted,3,0.2,2.0,kuiper,qn,post,0.012314260987100001,0,post-clean,na,1158,1224,0.946078431373,63,18.38095238095238,21.633627178187037,11.0,8.8956,3,148,0.008260721939581028,0.003315876011880085,0.007923060649174309,0.00365692378159174,0.00044121146817959373,0.021516932955863745,0.03346332020159528,0.0161030420156543,0.033720985275230084,0.016846712802675797,1.0000005000299999e-06,0.0875880471268,"gurobi_(8, 0, 0)"
cs3_fdr0.1_gam2.0,10871.94754666765,42755.18337696176,zero-branch-length-collapsed_WHO_2009_full_rooted,3,0.1,2.0,kuiper,qn,post,0.012314260987100001,0,post-clean,na,1158,1224,0.946078431373,54,21.444444444444443,23.233569293984186,12.0,9.6369,3,109,0.008999365711002117,0.0029658657381676466,0.008829476411671708,0.0033200339747063447,0.0012181506441108468,0.021447744824712425,0.031914260420554445,0.014539000452525291,0.03255236522897112,0.015513966957459753,2.0000010000599997e-06,0.0729377929061,"gurobi_(8, 0, 0)"
cs6_fdr0.1_gam2.0,12874.85102184683,57507.174251615725,zero-branch-length-collapsed_WHO_2009_full_rooted,6,0.1,2.0,kuiper,qn,post,0.012314260987100001,0,post-clean,na,1157,1224,0.9452614379080001,54,21.425925925925924,23.49676963092479,11.5,6.6717,6,118,0.008643875057324031,0.002961514330665097,0.008531307998119506,0.0032919499302436904,0.0014668273268984536,0.02015563792565684,0.03258357552111904,0.015261615595059787,0.032966468927786194,0.015733486091451587,1.0000005000299999e-06,0.0849911443045,"gurobi_(8, 0, 0)"
cs6_fdr0.15_gam2.0,9420.883657049033,37652.324408180975,zero-branch-length-collapsed_WHO_2009_full_rooted,6,0.15,2.0,kuiper,qn,post,0.012314260987100001,0,post-clean,na,1156,1224,0.944444444444,59,19.59322033898305,16.95442028017533,12.0,8.8956,6,94,0.008367650284302499,0.0031943494625557307,0.00822983108363023,0.003470928671741493,0.0014668273268984536,0.021447744824712425,0.03324137757374827,0.015400286654326712,0.034535993561463835,0.015465238339942018,1.0000005000299999e-06,0.0849911443045,"gurobi_(8, 0, 0)"
cs5_fdr0.05_gam2.0,10756.415876369663,42276.99723893268,zero-branch-length-collapsed_WHO_2009_full_rooted,5,0.05,2.0,kuiper,qn,post,0.012314260987100001,0,post-clean,na,1155,1224,0.9436274509799999,55,21.0,22.085691697969928,12.0,8.8956,5,120,0.008802505372365786,0.002702826777684348,0.008577994095862294,0.003211051426493327,0.003160740227176349,0.02015563792565684,0.03168973514497647,0.014684678864833168,0.03222090230878758,0.015651532043308863,4.00000200013e-06,0.07952037025230001,"gurobi_(8, 0, 0)"
cs6_fdr0.2_gam2.0,11286.394026181102,64041.71779494275,zero-branch-length-collapsed_WHO_2009_full_rooted,6,0.2,2.0,kuiper,qn,post,0.012314260987100001,0,post-clean,na,1154,1224,0.942810457516,58,19.896551724137925,22.52927113948041,12.0,7.4129999999999985,6,149,0.008335300845930987,0.00300843346479038,0.008384970519701867,0.003304899051752029,0.0014668273268984536,0.02015563792565684,0.03356566178742783,0.01563312264520049,0.03452505598420668,0.016099668636844075,2.0000010000599997e-06,0.0849911443045,"gurobi_(8, 0, 0)"
cs5_fdr0.1_gam2.0,13109.649908190446,60455.94922843562,zero-branch-length-collapsed_WHO_2009_full_rooted,5,0.1,2.0,kuiper,qn,post,0.012314260987100001,0,post-clean,na,1154,1224,0.942810457516,56,20.607142857142858,24.32258850715342,11.0,8.1543,5,120,0.00838709980357208,0.003114819323182862,0.008188886685981497,0.0036586497157331203,0.001718727248508579,0.021516932955863745,0.0329749233553373,0.01499520058977091,0.03379261069954728,0.016006750991876637,1.0000005000299999e-06,0.07952037025230001,"gurobi_(8, 0, 0)"
cs6_fdr0.05_gam2.0,9600.924454560873,30857.343216908106,zero-branch-length-collapsed_WHO_2009_full_rooted,6,0.05,2.0,kuiper,qn,post,0.012314260987100001,0,post-clean,na,1154,1224,0.942810457516,53,21.77358490566038,23.527105079881114,12.0,8.8956,6,134,0.008883373668746045,0.003001708051111141,0.008829865213179897,0.003263432911741502,0.0014668273268984536,0.02015563792565684,0.032480111454553075,0.014974942466161469,0.03314479204561339,0.01548380818109654,3.0000015000900002e-06,0.0849911443045,"gurobi_(8, 0, 0)"
cs4_fdr0.05_gam2.0,11740.524523700504,45107.946715137296,zero-branch-length-collapsed_WHO_2009_full_rooted,4,0.05,2.0,kuiper,qn,post,0.012314260987100001,0,post-clean,na,1153,1224,0.941993464052,51,22.607843137254907,25.429178855301288,14.0,11.8608,4,132,0.009136162100280756,0.0029453764580709947,0.008974730505927083,0.003375405315385764,0.0010937275931151651,0.021516932955863745,0.03130746383428861,0.014858382001411197,0.031545155840947414,0.015615872426517229,2.0000010000599997e-06,0.07952037025230001,"gurobi_(8, 0, 0)"
cs2_fdr0.2_gam2.0,9264.357545117611,42897.221039539974,zero-branch-length-collapsed_WHO_2009_full_rooted,2,0.2,2.0,kuiper,qn,post,0.012314260987100001,0,post-clean,na,1152,1224,0.941176470588,57,20.210526315789476,23.009886727623087,14.0,11.8608,2,147,0.008765725064156245,0.0028602268011845627,0.00866389330414755,0.0031764808682254505,0.0012181506441108468,0.021516932955863745,0.03181093083607086,0.014788009578680006,0.03255927909133825,0.015411710465675313,2.0000010000599997e-06,0.0768178603703,"gurobi_(8, 0, 0)"
cs3_fdr0.05_gam2.0,11490.789969096777,43828.368236123,zero-branch-length-collapsed_WHO_2009_full_rooted,3,0.05,2.0,kuiper,qn,post,0.012314260987100001,0,post-clean,na,1151,1224,0.940359477124,51,22.568627450980397,21.423589710373736,14.0,11.8608,3,103,0.009327366375299904,0.0029627849193389483,0.009213809991119431,0.0035391349374651188,0.003160740227176349,0.021447744824712425,0.0300686264453084,0.014578521344997866,0.029663486166338276,0.015453774836816031,2.0000010000599997e-06,0.0768208603718,"gurobi_(8, 0, 0)"
cs2_fdr0.15_gam2.0,11023.684903950925,43517.342298215684,zero-branch-length-collapsed_WHO_2009_full_rooted,2,0.15,2.0,kuiper,qn,post,0.012314260987100001,0,post-clean,na,1150,1224,0.9395424836599999,55,20.90909090909091,23.084605041000597,13.0,10.3782,2,113,0.009097065758857378,0.003016885269930541,0.00903014431429997,0.003446921193728177,0.003844703673220987,0.021516932955863745,0.03067456393787969,0.014912373781147318,0.030993312951177462,0.015646798975096445,2.0000010000599997e-06,0.0800744102703,"gurobi_(8, 0, 0)"
cs2_fdr0.1_gam2.0,11440.215949929447,44296.59366620566,zero-branch-length-collapsed_WHO_2009_full_rooted,2,0.1,2.0,kuiper,qn,post,0.012314260987100001,0,post-clean,na,1150,1224,0.9395424836599999,53,21.698113207547173,21.660478815700245,13.0,11.8608,2,101,0.009146022800768108,0.003016157761383417,0.008961532705677148,0.0034566509459918538,0.003160740227176349,0.021516932955863745,0.03035299074189868,0.01469105611650269,0.03092105967971588,0.01563969193678891,2.0000010000599997e-06,0.0768208603718,"gurobi_(8, 0, 0)"
cs7_fdr0.2_gam2.0,10070.483808243429,46393.311696460405,zero-branch-length-collapsed_WHO_2009_full_rooted,7,0.2,2.0,kuiper,qn,post,0.012314260987100001,0,post-clean,na,1147,1224,0.9370915032680001,54,21.240740740740737,20.852523656315004,13.5,8.8956,7,138,0.008861682663651406,0.003009441043673673,0.00873207337911153,0.0033208152160181113,0.0014668273268984536,0.02015563792565684,0.03128190249665937,0.014471151012601484,0.03256719295420541,0.014645614492918076,1.0000005000299999e-06,0.073515133274,"gurobi_(8, 0, 0)"
cs7_fdr0.15_gam2.0,9710.358055523508,38126.14337332524,zero-branch-length-collapsed_WHO_2009_full_rooted,7,0.15,2.0,kuiper,qn,post,0.012314260987100001,0,post-clean,na,1145,1224,0.9354575163400001,54,21.203703703703702,19.881137006350237,14.0,9.6369,7,122,0.008631039137815535,0.003018273529042218,0.008358930505578479,0.0033486438668834948,0.0014668273268984536,0.02015563792565684,0.03210974053087471,0.014843854114032091,0.033334456782629106,0.015308072324502459,2.0000010000599997e-06,0.073515133274,"gurobi_(8, 0, 0)"
cs8_fdr0.15_gam2.0,14678.441035023892,71916.48009278512,zero-branch-length-collapsed_WHO_2009_full_rooted,8,0.15,2.0,kuiper,qn,post,0.012314260987100001,0,post-clean,na,1141,1224,0.932189542484,46,24.80434782608696,27.70288357651792,15.0,9.6369,8,168,0.008909377996875653,0.002318366571151491,0.008619766652992276,0.0028984170962869,0.003844703673220987,0.013418520091575329,0.03167572974307333,0.014673856302250803,0.03288336496190735,0.015892493153607894,1.0000005000299999e-06,0.0680443592219,"gurobi_(8, 0, 0)"
cs8_fdr0.1_gam2.0,13834.691692098479,66037.92481065971,zero-branch-length-collapsed_WHO_2009_full_rooted,8,0.1,2.0,kuiper,qn,post,0.012314260987100001,0,post-clean,na,1141,1224,0.932189542484,46,24.80434782608696,26.010783716859002,14.5,9.6369,8,156,0.009065913991263195,0.0024152273834356546,0.008818984542182691,0.0029987799015180642,0.0022792026469332233,0.013418520091575329,0.031398032922301554,0.014599866345496575,0.032905852809070664,0.01564238584789476,2.0000010000599997e-06,0.0680443592219,"gurobi_(8, 0, 0)"
cs7_fdr0.1_gam2.0,9799.390535897863,33663.94079017936,zero-branch-length-collapsed_WHO_2009_full_rooted,7,0.1,2.0,kuiper,qn,post,0.012314260987100001,0,post-clean,na,1138,1224,0.9297385620919999,51,22.31372549019608,18.678854564537332,14.0,10.3782,7,100,0.009049406011916505,0.0027310228254443306,0.008815006366134954,0.003052872357352689,0.0034577060110422947,0.02015563792565684,0.031115785071471374,0.014048205658346071,0.032936726554560085,0.01459025101652654,1.0000005000299999e-06,0.0653448493414,"gurobi_(8, 0, 0)"
cs8_fdr0.2_gam2.0,10988.025494117794,35624.02641841526,zero-branch-length-collapsed_WHO_2009_full_rooted,8,0.2,2.0,kuiper,qn,post,0.012314260987100001,1,post-clean,na,1132,1224,0.9248366013070001,51,22.196078431372552,18.92513630898667,14.0,5.9304,8,100,0.008810741968613508,0.002394710676688269,0.008471587859788144,0.00308569976206498,0.002931826000260436,0.012769058383419605,0.030565735908422657,0.014266774040097872,0.03193734167157511,0.01485558175886323,1.0000005000299999e-06,0.0653448493414,"gurobi_(8, 0, 0)"
cs8_fdr0.2_gam2.0,10988.025494117794,35624.02641841526,zero-branch-length-collapsed_WHO_2009_full_rooted,8,0.2,2.0,kuiper,qn,post,0.012314260987100001,0,post-clean,na,1131,1224,0.924019607843,52,21.75,18.805375743726714,14.0,5.9304,8,100,0.008782964594385408,0.002393399192821977,0.008455174619288696,0.0030662040889698435,0.002931826000260436,0.012769058383419605,0.030978471718538562,0.014386915219667102,0.03250267783710877,0.01501040625730212,1.0000005000299999e-06,0.0653448493414,"gurobi_(8, 0, 0)"
cs7_fdr0.05_gam2.0,10668.96833988519,31804.08847654576,zero-branch-length-collapsed_WHO_2009_full_rooted,7,0.05,2.0,kuiper,qn,post,0.012314260987100001,0,post-clean,na,1131,1224,0.924019607843,47,24.063829787234038,18.73082121196894,19.0,11.8608,7,92,0.0090278057075827,0.00292270381040232,0.008684102984874388,0.0034284248869606354,0.0014668273268984536,0.02015563792565684,0.03206095949904588,0.01479514220025481,0.03287408333005175,0.015650123527473678,3.0000015000900002e-06,0.073515133274,"gurobi_(8, 0, 0)"
cs2_fdr0.05_gam2.0,12552.017937846247,46403.60068757416,zero-branch-length-collapsed_WHO_2009_full_rooted,2,0.05,2.0,kuiper,qn,post,0.012314260987100001,0,post-clean,na,1131,1224,0.924019607843,48,23.5625,20.88764905341727,16.0,11.8608,2,102,0.009111396031935582,0.002807016614911834,0.008747298033484771,0.0035080553000851034,0.0037481201442267696,0.02071201669415267,0.030423307966779545,0.014890943028493819,0.031203658482662825,0.015449191758337475,2.0000010000599997e-06,0.07355903293430001,"gurobi_(8, 0, 0)"
cs8_fdr0.05_gam2.0,13782.227700890293,65314.756049726166,zero-branch-length-collapsed_WHO_2009_full_rooted,8,0.05,2.0,kuiper,qn,post,0.012314260987100001,0,post-clean,na,1129,1224,0.922385620915,47,24.02127659574468,24.608667050188824,14.0,8.8956,8,157,0.009000326550864706,0.002287554751273541,0.008710604481643416,0.002950682290049143,0.0022792026469332233,0.01341852009157533,0.031737005317721424,0.014313084141780756,0.0337249852772302,0.014729074778406884,2.0000010000599997e-06,0.0680443592219,"gurobi_(8, 0, 0)"
cs9_fdr0.1_gam2.0,13258.038581652792,57098.01865840405,zero-branch-length-collapsed_WHO_2009_full_rooted,9,0.1,2.0,kuiper,qn,post,0.012314260987100001,0,post-clean,na,1129,1224,0.922385620915,43,26.255813953488367,27.35315166245609,16.0,8.8956,9,162,0.009111705597556271,0.0024447591664931065,0.008715243187593584,0.002999680402930033,0.0014668273268984536,0.01261268879015354,0.031495893347292137,0.014975296877545778,0.03236813207583019,0.015451895787093797,3.0000015000900002e-06,0.073515133274,"gurobi_(8, 0, 0)"
cs10_fdr0.1_gam2.0,13421.484562534075,57130.918140588285,zero-branch-length-collapsed_WHO_2009_full_rooted,10,0.1,2.0,kuiper,qn,post,0.012314260987100001,0,post-clean,na,1126,1224,0.9199346405230001,44,25.59090909090909,21.783627500058635,18.0,10.3782,10,143,0.008927369052322963,0.0023494603685918136,0.008484434201009613,0.002837052459724437,0.0030960057991954106,0.012612688790153542,0.03068716947211975,0.0147225145173944,0.032205577385016566,0.01602446484229067,2.0000010000599997e-06,0.0654187981538,"gurobi_(8, 0, 0)"
cs9_fdr0.2_gam2.0,13349.93561314414,40199.53346966439,zero-branch-length-collapsed_WHO_2009_full_rooted,9,0.2,2.0,kuiper,qn,post,0.012314260987100001,0,post-clean,na,1124,1224,0.918300653595,41,27.414634146341466,21.657534035245213,19.0,11.8608,9,100,0.009447938656453792,0.0018466807610149675,0.008978177619531845,0.0025405274820651212,0.005677106743762664,0.01261268879015354,0.03001299558698329,0.014101253522967637,0.030879811124738782,0.014799485533458922,1.0000005000299999e-06,0.0640896160415,"gurobi_(8, 0, 0)"
cs9_fdr0.15_gam2.0,12394.590240753925,37354.40630231996,zero-branch-length-collapsed_WHO_2009_full_rooted,9,0.15,2.0,kuiper,qn,post,0.012314260987100001,0,post-clean,na,1123,1224,0.917483660131,42,26.73809523809524,16.845147703758496,23.5,14.826,9,83,0.009455876893336409,0.0022266678547439287,0.0092399713853743,0.0027817548024426297,0.003937496226116589,0.01261268879015354,0.030481132392118637,0.014305148135943269,0.032501177836358724,0.01460361457685919,2.0000010000599997e-06,0.0640896160415,"gurobi_(8, 0, 0)"
cs10_fdr0.15_gam2.0,14174.814723788795,39506.90168627771,zero-branch-length-collapsed_WHO_2009_full_rooted,10,0.15,2.0,kuiper,qn,post,0.012314260987100001,0,post-clean,na,1118,1224,0.9133986928100001,41,27.268292682926827,20.88543079546589,19.0,11.8608,10,91,0.009487979446956729,0.0020106281171486497,0.009277946119577765,0.002747677414566153,0.004656611787209143,0.012975928492725393,0.029500923020737757,0.014231225463507682,0.030228100174806025,0.015060904618089269,2.0000010000599997e-06,0.0640896160415,"gurobi_(8, 0, 0)"
cs10_fdr0.2_gam2.0,14431.771729827396,49080.891416611616,zero-branch-length-collapsed_WHO_2009_full_rooted,10,0.2,2.0,kuiper,qn,post,0.012314260987100001,0,post-clean,na,1114,1224,0.910130718954,40,27.85,21.499612399606963,23.5,15.5673,10,96,0.009347802413483429,0.002065762334698807,0.00904870654414096,0.0027205510795549337,0.004656611787209144,0.01261268879015354,0.029935373681859532,0.014200020942232662,0.031341484124141665,0.014806998772712009,2.0000010000599997e-06,0.0619491237792,"gurobi_(8, 0, 0)"
cs9_fdr0.05_gam2.0,12980.621435485424,56462.04967306905,zero-branch-length-collapsed_WHO_2009_full_rooted,9,0.05,2.0,kuiper,qn,post,0.012314260987100001,0,post-clean,na,1112,1224,0.908496732026,44,25.272727272727273,24.718285893347968,19.0,11.8608,9,161,0.008814669133782382,0.0025522461743328483,0.008533570199899955,0.002993133982325377,0.0014668273268984536,0.012769058383419605,0.031637199338717815,0.014614677401823178,0.032422736352877714,0.015256878131815971,2.0000010000599997e-06,0.073515133274,"gurobi_(8, 0, 0)"
cs10_fdr0.05_gam2.0,13348.178998195843,47440.38876613683,zero-branch-length-collapsed_WHO_2009_full_rooted,10,0.05,2.0,kuiper,qn,post,0.012314260987100001,0,post-clean,na,1099,1224,0.897875816993,43,25.55813953488372,20.175777940487844,18.0,10.3782,10,106,0.00910156816093395,0.0021418014539387577,0.008914636025793544,0.0026812597656560564,0.0038287401379612854,0.01261268879015354,0.030756909414802587,0.014449011564260041,0.032482560300074785,0.015078109134085657,2.0000010000599997e-06,0.0653418493399,"gurobi_(8, 0, 0)"
cs4_fdr0.2_gam1.0,4538.21362302937,15633.54729876185,zero-branch-length-collapsed_WHO_2009_full_rooted,4,0.2,1.0,kuiper,qn,post,0.00809258373705,0,post-clean,na,1077,1224,0.879901960784,81,13.296296296296294,14.22976145657794,9.0,4.4478,4,98,0.0060864323405807426,0.001957467424799714,0.00574741610606731,0.0023716861308097185,0.0012181506441108468,0.014557385820208131,0.03604998555994772,0.015468336829088457,0.03846641420281191,0.015061387766110598,2.0000010000599997e-06,0.0800744102703,"gurobi_(8, 0, 0)"
cs4_fdr0.15_gam1.0,3922.92006721959,12764.244222857064,zero-branch-length-collapsed_WHO_2009_full_rooted,4,0.15,1.0,kuiper,qn,post,0.00809258373705,0,post-clean,na,1073,1224,0.876633986928,83,12.927710843373495,12.230293389905805,8.0,4.4478,4,78,0.005974566747164962,0.0020613675115755707,0.00568944674243002,0.0024726224708064145,0.0012181506441108468,0.014557385820208131,0.035982596102627,0.0157140028478807,0.038403123390627306,0.01555741049062484,2.0000010000599997e-06,0.0841611706893,"gurobi_(8, 0, 0)"
cs5_fdr0.2_gam1.0,4188.3156203959325,13378.397901232103,zero-branch-length-collapsed_WHO_2009_full_rooted,5,0.2,1.0,kuiper,qn,post,0.00809258373705,0,post-clean,na,1067,1224,0.871732026144,80,13.3375,12.181064107244904,9.0,4.4478,5,78,0.006035700920486574,0.002029369979895145,0.005680378794434728,0.002475022833361685,0.0017074848685243544,0.014557385820208131,0.03626120557151703,0.015599288172696003,0.03903775199240633,0.014930172641289903,0.000649897038241,0.0800744102703,"gurobi_(8, 0, 0)"
cs3_fdr0.2_gam1.0,3921.451291318853,13520.626692142483,zero-branch-length-collapsed_WHO_2009_full_rooted,3,0.2,1.0,kuiper,qn,post,0.00809258373705,0,post-clean,na,1067,1224,0.871732026144,84,12.702380952380953,11.587051104526552,9.0,4.4478,3,75,0.0060727213150050885,0.0019851946698203507,0.005783937909463196,0.002362099933128592,0.0012181506441108468,0.014557385820208131,0.035807009680807765,0.01563768937442682,0.03839398136452901,0.015280837160789384,2.0000010000599997e-06,0.0800744102703,"gurobi_(8, 0, 0)"
cs3_fdr0.15_gam1.0,4618.338858176055,16546.089542653724,zero-branch-length-collapsed_WHO_2009_full_rooted,3,0.15,1.0,kuiper,qn,post,0.00809258373705,0,post-clean,na,1063,1224,0.8684640522879999,81,13.123456790123456,12.51137753811444,9.0,5.9304,3,75,0.006137278879024617,0.0020886137302028466,0.005964911848263872,0.0024801060706101906,0.0012181506441108468,0.01480736062588642,0.0362098918647642,0.015653847935406386,0.03861058930388003,0.015365822240460469,1.0000005000299999e-06,0.0800744102703,"gurobi_(8, 0, 0)"
cs5_fdr0.15_gam1.0,4303.557047414064,13227.018983241127,zero-branch-length-collapsed_WHO_2009_full_rooted,5,0.15,1.0,kuiper,qn,post,0.00809258373705,0,post-clean,na,1061,1224,0.866830065359,80,13.2625,11.462369638147207,9.0,4.4478,5,73,0.005967930666472778,0.002065847525472064,0.005729658535733722,0.002473408009805547,0.0014668273268984536,0.014557385820208128,0.03632437733072074,0.015852316029770292,0.03861742625435298,0.015381832161762069,2.00000100005e-06,0.0849911443045,"gurobi_(8, 0, 0)"
cs4_fdr0.1_gam1.0,4329.712537120245,13956.963119779568,zero-branch-length-collapsed_WHO_2009_full_rooted,4,0.1,1.0,kuiper,qn,post,0.00809258373705,0,post-clean,na,1060,1224,0.866013071895,80,13.25,11.14177905481567,9.5,5.1891,4,73,0.006142789737631747,0.002032422117961142,0.005929667916537751,0.0024797989729999554,0.0009856788176191948,0.014557385820208131,0.035733964259706284,0.015765119059037942,0.03782716150492271,0.01557755238609264,1.0000005000299999e-06,0.0849911443045,"gurobi_(8, 0, 0)"
cs3_fdr0.1_gam1.0,5568.45129308798,18696.725776025334,zero-branch-length-collapsed_WHO_2009_full_rooted,3,0.1,1.0,kuiper,qn,post,0.00809258373705,0,post-clean,na,1053,1224,0.8602941176469999,74,14.229729729729732,13.130063064979426,10.0,5.9304,3,73,0.0063098087573227385,0.0018933193950902171,0.006158679197871344,0.002345426785928944,0.0010937275931151651,0.014557385820208128,0.03501988349082659,0.015234643349376922,0.036813079975712364,0.01509715980883374,2.00000100004e-06,0.0768948091842,"gurobi_(8, 0, 0)"
cs2_fdr0.2_gam1.0,4445.984651268133,15931.53460442288,zero-branch-length-collapsed_WHO_2009_full_rooted,2,0.2,1.0,kuiper,qn,post,0.00809258373705,0,post-clean,na,1052,1224,0.859477124183,78,13.487179487179489,13.011227509041614,9.5,5.1891,2,80,0.006155896717129764,0.0019294640747740204,0.006093513347856357,0.002256709219248641,0.0010937275931151651,0.01480736062588642,0.03546133059110436,0.015475864631441162,0.037353383122082334,0.01589471985230576,2.0000010000599997e-06,0.07952137025280001,"gurobi_(8, 0, 0)"
cs5_fdr0.1_gam1.0,6205.056398984495,23751.37310520465,zero-branch-length-collapsed_WHO_2009_full_rooted,5,0.1,1.0,kuiper,qn,post,0.00809258373705,0,post-clean,na,1051,1224,0.8586601307189999,76,13.828947368421053,11.40337746213198,10.0,5.9304,5,74,0.006053301516340646,0.001605899486934219,0.005717973107802163,0.001949560313630708,0.0017074848685243544,0.008590463343713117,0.036283323962805314,0.015743109872962673,0.03919686029531387,0.01511938542802079,2.0000010000599997e-06,0.07952137025280001,"gurobi_(8, 0, 0)"
cs4_fdr0.05_gam1.0,4476.732751831513,14971.189412030717,zero-branch-length-collapsed_WHO_2009_full_rooted,4,0.05,1.0,kuiper,qn,post,0.00809258373705,0,post-clean,na,1048,1224,0.8562091503270001,73,14.356164383561644,13.647720467997676,10.0,5.9304,4,83,0.006485837769777651,0.0017920931634810488,0.00626131790031731,0.0023180637405256,0.001718727248508579,0.014557385820208131,0.035329067434936336,0.015417590202721028,0.03748105481593142,0.015142356850045125,4.00000200013e-06,0.0768948091842,"gurobi_(8, 0, 0)"
cs6_fdr0.2_gam1.0,4901.142006131757,15897.7744819438,zero-branch-length-collapsed_WHO_2009_full_rooted,6,0.2,1.0,kuiper,qn,post,0.00809258373705,0,post-clean,na,1044,1224,0.852941176471,71,14.704225352112674,14.289251071244509,11.0,5.9304,6,89,0.006429956361372747,0.001862701162678363,0.00621053565106186,0.002241452106684383,0.0017074945735916615,0.014557385820208128,0.03575744530718674,0.01576601958885322,0.038638737952533225,0.015290391863821487,4.00000200013e-06,0.0768948091842,"gurobi_(8, 0, 0)"
cs5_fdr0.05_gam1.0,5061.003231759721,16555.065003811567,zero-branch-length-collapsed_WHO_2009_full_rooted,5,0.05,1.0,kuiper,qn,post,0.00809258373705,0,post-clean,na,1043,1224,0.852124183007,71,14.690140845070422,13.804338396001015,11.0,5.9304,5,84,0.0065103616500233295,0.001777028910672789,0.0062039220021014975,0.0021919962543949455,0.001718727248508579,0.015513535872519304,0.035775528950821464,0.015697917682504878,0.0383349555662292,0.015366976205218303,2.0000010000599997e-06,0.07952137025280001,"gurobi_(8, 0, 0)"
cs2_fdr0.15_gam1.0,4450.532676952395,17147.940501486853,zero-branch-length-collapsed_WHO_2009_full_rooted,2,0.15,1.0,kuiper,qn,post,0.00809258373705,0,post-clean,na,1039,1224,0.84885620915,76,13.671052631578947,13.150805458622155,10.0,5.9304,2,83,0.006165992164986644,0.00176494104350885,0.00604970444144549,0.002215184344329764,0.001718727248508579,0.011868589507092771,0.03560269252348089,0.0155382848543553,0.03802803390350833,0.015193990632934456,2.0000010000599997e-06,0.0768948091842,"gurobi_(8, 0, 0)"
cs2_fdr0.1_gam1.0,4592.688166950303,14493.845640504467,zero-branch-length-collapsed_WHO_2009_full_rooted,2,0.1,1.0,kuiper,qn,post,0.00809258373705,0,post-clean,na,1038,1224,0.8480392156859999,74,14.027027027027025,13.1263334330848,10.0,5.9304,2,80,0.006330831797520556,0.002016684662956061,0.006121744797276353,0.002365447711150726,0.001718727248508579,0.014557385820208128,0.035190371438941395,0.015415620464097968,0.03730994741135279,0.015269293167105237,2.0000010000599997e-06,0.0768958091847,"gurobi_(8, 0, 0)"
cs3_fdr0.05_gam1.0,5836.103872021683,22737.51387803647,zero-branch-length-collapsed_WHO_2009_full_rooted,3,0.05,1.0,kuiper,qn,post,0.00809258373705,0,post-clean,na,1037,1224,0.847222222222,73,14.205479452054794,13.310354056679154,10.0,5.9304,3,80,0.006344767917885387,0.0019321829840833464,0.006114982245089925,0.002345032942478038,0.0017074945735916615,0.014557385820208128,0.03502430651697444,0.0155168677937898,0.03705505319382782,0.015644413626111874,2.00000100004e-06,0.0768958091847,"gurobi_(8, 0, 0)"
cs6_fdr0.1_gam1.0,4882.0685542982055,15877.909108701306,zero-branch-length-collapsed_WHO_2009_full_rooted,6,0.1,1.0,kuiper,qn,post,0.00809258373705,0,post-clean,na,1037,1224,0.847222222222,71,14.605633802816902,14.984257332508712,10.0,5.9304,6,103,0.006345766249878016,0.001924104271064045,0.006057320760791888,0.002281483494991941,0.0017074945735916615,0.014557385820208128,0.03625327624878233,0.015735871846821684,0.03916084679678833,0.015223398101168219,4.00000200013e-06,0.0768948091842,"gurobi_(8, 0, 0)"
cs6_fdr0.05_gam1.0,5057.745609135969,16085.701732475074,zero-branch-length-collapsed_WHO_2009_full_rooted,6,0.05,1.0,kuiper,qn,post,0.00809258373705,0,post-clean,na,1037,1224,0.847222222222,69,15.028985507246375,14.921333931944904,10.0,4.4478,6,98,0.006359969987511514,0.001911589211281221,0.006182202556965825,0.002271029098991959,0.0017074945735916615,0.014557385820208131,0.03629444249548578,0.015662899703485895,0.03905065098087742,0.015246160491698132,0.000655045459212,0.0768948091842,"gurobi_(8, 0, 0)"
cs6_fdr0.15_gam1.0,4875.225896533809,15743.611441410869,zero-branch-length-collapsed_WHO_2009_full_rooted,6,0.15,1.0,kuiper,qn,post,0.00809258373705,0,post-clean,na,1036,1224,0.846405228758,68,15.235294117647056,16.093122334692172,10.0,5.9304,6,97,0.006369964975905744,0.0018477311518155805,0.006085617986829568,0.002209860915408855,0.0017074945735916615,0.014557385820208128,0.036274282048313344,0.015822812361242253,0.03912850390521603,0.015533424018880145,0.000654045458712,0.07952037025230001,"gurobi_(8, 0, 0)"
cs2_fdr0.05_gam1.0,4435.36579759136,14952.72310741248,zero-branch-length-collapsed_WHO_2009_full_rooted,2,0.05,1.0,kuiper,qn,post,0.00809258373705,0,post-clean,na,1023,1224,0.8357843137250001,72,14.208333333333336,13.46873008642036,10.0,5.9304,3,80,0.0061634700138934575,0.0018564510198037442,0.005933366249354357,0.002397380067153813,0.001718727248508579,0.014557385820208128,0.0359293617822785,0.016034503747710645,0.038255804272247416,0.015652732105401038,2.0000010000599997e-06,0.0802035255663,"gurobi_(8, 0, 0)"
cs7_fdr0.15_gam1.0,5176.31236768041,15468.838656062575,zero-branch-length-collapsed_WHO_2009_full_rooted,7,0.15,1.0,kuiper,qn,post,0.00809258373705,0,post-clean,na,1018,1224,0.831699346405,65,15.661538461538461,11.91280419742362,12.0,5.9304,7,71,0.0064192044982368775,0.0015587577498590187,0.006092440221304171,0.001905586221239468,0.0023178502359324795,0.010393782828555085,0.03518946221609305,0.015178585620690419,0.038403768781273766,0.014915613781358762,4.00000200013e-06,0.0680443592219,"gurobi_(8, 0, 0)"
cs7_fdr0.2_gam1.0,6311.569734613605,25953.98156847718,zero-branch-length-collapsed_WHO_2009_full_rooted,7,0.2,1.0,kuiper,qn,post,0.00809258373705,0,post-clean,na,1014,1224,0.8284313725489999,63,16.0952380952381,12.936213592849171,12.0,5.9304,7,87,0.006425052095096291,0.0014507533886635325,0.006099531452673394,0.0018123207895566012,0.0025566442675505844,0.008536365931535967,0.03559417541658365,0.015199332058937797,0.03901237637889742,0.014652270687715322,3.0000015000900002e-06,0.0680443592219,"gurobi_(8, 0, 0)"
cs7_fdr0.05_gam1.0,5348.4506832752395,15161.854845687429,zero-branch-length-collapsed_WHO_2009_full_rooted,7,0.05,1.0,kuiper,qn,post,0.00809258373705,0,post-clean,na,1013,1224,0.827614379085,66,15.348484848484848,11.686273900135904,12.0,5.9304,7,73,0.006424158649369754,0.0015214842413800898,0.006089591092350578,0.001850168360131816,0.0025566442675505844,0.010393782828555085,0.035111887861875614,0.015193831020736372,0.03840077718292476,0.014731139306024859,3.0000015000900002e-06,0.0680443592219,"gurobi_(8, 0, 0)"
cs7_fdr0.1_gam1.0,5651.540332639799,22020.707738073157,zero-branch-length-collapsed_WHO_2009_full_rooted,7,0.1,1.0,kuiper,qn,post,0.00809258373705,0,post-clean,na,1012,1224,0.8267973856209999,65,15.569230769230769,14.761615374393768,12.0,5.9304,7,97,0.006508592057096625,0.0014204037033030833,0.006242735030551943,0.0018138556791249157,0.0023178502359324795,0.008536365931535967,0.03527403658715731,0.015276252154659338,0.0385267358744746,0.014517895289015524,2.0000010000599997e-06,0.0680443592219,"gurobi_(8, 0, 0)"
cs8_fdr0.15_gam1.0,4262.375631572362,12764.533790024869,zero-branch-length-collapsed_WHO_2009_full_rooted,8,0.15,1.0,kuiper,qn,post,0.00809258373705,0,post-clean,na,1009,1224,0.824346405229,61,16.540983606557376,11.849857622902483,13.0,5.9304,8,70,0.006468093229104317,0.0015091959862321054,0.006190456520097896,0.0019353876748806507,0.0025566442675505844,0.008536365931535967,0.034436753588352464,0.01511872357815392,0.03768910819343752,0.015217983242308646,3.0000015000900002e-06,0.0654187981538,"gurobi_(8, 0, 0)"
cs8_fdr0.1_gam1.0,4815.660032096822,15557.29703335562,zero-branch-length-collapsed_WHO_2009_full_rooted,8,0.1,1.0,kuiper,qn,post,0.00809258373705,0,post-clean,na,1008,1224,0.8235294117649999,63,16.0,11.216347516589492,13.0,5.9304,8,70,0.006437118039113347,0.0014741016322565108,0.006158944822595115,0.001903825352418912,0.0025566442675505844,0.008536365931535967,0.03433119773421033,0.015163079132429206,0.0377510698913832,0.01498475543125903,2.0000010000599997e-06,0.0654187981538,"gurobi_(8, 0, 0)"
cs8_fdr0.2_gam1.0,5174.314309730385,16920.50067306184,zero-branch-length-collapsed_WHO_2009_full_rooted,8,0.2,1.0,kuiper,qn,post,0.00809258373705,0,post-clean,na,1007,1224,0.822712418301,61,16.508196721311474,11.952158732239786,13.0,5.9304,8,70,0.006425072366415404,0.0015392781991434006,0.006148673480848309,0.0019268304882030004,0.0025566442675505844,0.008536365931535967,0.03445802079360825,0.01512708221467385,0.037713355330917034,0.015275025398051941,2.0000010000599997e-06,0.0654187981538,"gurobi_(8, 0, 0)"
cs9_fdr0.2_gam1.0,5772.053060666303,16570.47090350194,zero-branch-length-collapsed_WHO_2009_full_rooted,9,0.2,1.0,kuiper,qn,post,0.00809258373705,0,post-clean,na,1007,1224,0.822712418301,61,16.508196721311474,10.014361272392216,14.0,5.9304,9,70,0.006615638898471984,0.0015878600824760047,0.006349969047928116,0.001985672059876734,0.0025566442675505844,0.010449006706748122,0.03378938350936349,0.01526043752892806,0.037065443352337114,0.01558499726027791,2.0000010000599997e-06,0.0654187981538,"gurobi_(8, 0, 0)"
cs9_fdr0.1_gam1.0,4886.8305098539095,14284.009265421937,zero-branch-length-collapsed_WHO_2009_full_rooted,9,0.1,1.0,kuiper,qn,post,0.00809258373705,0,post-clean,na,1006,1224,0.8218954248370001,61,16.491803278688526,9.552701102863828,14.0,5.9304,9,69,0.006594252762627818,0.0016344530493074135,0.006241898431542298,0.002057635902236338,0.0025566442675505844,0.010503333961801564,0.03371490969966712,0.015121273258474932,0.036961264393842765,0.015295861863747838,2.0000010000599997e-06,0.0654187981538,"gurobi_(8, 0, 0)"
cs9_fdr0.15_gam1.0,4732.673857348956,13606.931042429791,zero-branch-length-collapsed_WHO_2009_full_rooted,9,0.15,1.0,kuiper,qn,post,0.00809258373705,0,post-clean,na,1005,1224,0.821078431373,62,16.20967741935484,9.309147795642794,14.5,5.1891,9,69,0.006549220433095707,0.0016582325656471545,0.006228751211538375,0.0020460857743272057,0.0025566442675505844,0.010627324336765012,0.03360927127982413,0.015263154363287871,0.037065443352337114,0.015371329953758178,2.0000010000599997e-06,0.0654187981538,"gurobi_(8, 0, 0)"
cs8_fdr0.05_gam1.0,5547.9024764024625,19196.511608846697,zero-branch-length-collapsed_WHO_2009_full_rooted,8,0.05,1.0,kuiper,qn,post,0.00809258373705,0,post-clean,na,1003,1224,0.819444444444,59,17.0,14.315412480356919,12.0,4.4478,8,88,0.006574846967568551,0.001348924391502944,0.006290885692776082,0.0017513469772368056,0.0025566442675505844,0.008536365931535967,0.034366765636623935,0.014925437803357913,0.037318990889787435,0.01496848774819374,2.0000010000599997e-06,0.0654187981538,"gurobi_(8, 0, 0)"
cs9_fdr0.05_gam1.0,5094.230697124709,14434.262012442063,zero-branch-length-collapsed_WHO_2009_full_rooted,9,0.05,1.0,kuiper,qn,post,0.00809258373705,0,post-clean,na,1000,1224,0.816993464052,59,16.949152542372882,10.611353270669596,13.0,4.4478,9,69,0.006702480315756499,0.0015588114978891795,0.006287921370602082,0.0019867220785315244,0.0025566442675505844,0.010627324336765012,0.03377128294859491,0.015186653758548573,0.03685793793796283,0.015617833258073584,3.0000015000900002e-06,0.0654187981538,"gurobi_(8, 0, 0)"
cs10_fdr0.15_gam1.0,5661.816914088929,14812.02399769104,zero-branch-length-collapsed_WHO_2009_full_rooted,10,0.15,1.0,kuiper,qn,post,0.00809258373705,0,post-clean,na,985,1224,0.8047385620919999,56,17.589285714285715,10.671588082745332,14.5,5.1891,10,70,0.006797440469557345,0.001501805105724403,0.0065596841061643036,0.0018622294857568366,0.0031174345576095216,0.010575370207065952,0.033349959550482894,0.015149131061064872,0.036359052016169166,0.01570255498668065,2.0000010000599997e-06,0.0654187981538,"gurobi_(8, 0, 0)"
cs10_fdr0.2_gam1.0,5283.783762046495,14258.81088231747,zero-branch-length-collapsed_WHO_2009_full_rooted,10,0.2,1.0,kuiper,qn,post,0.00809258373705,0,post-clean,na,985,1224,0.8047385620919999,57,17.280701754385966,10.077829956970104,15.0,5.9304,10,70,0.006832854373374813,0.001507302544635388,0.00655956223250786,0.0018962994017175149,0.002885680716579689,0.010575370207065952,0.033480848040714405,0.015263860744688447,0.03643443076314437,0.01565964144689151,4.00000200013e-06,0.0654187981538,"gurobi_(8, 0, 0)"
cs10_fdr0.1_gam1.0,5525.57510834603,14976.926486072834,zero-branch-length-collapsed_WHO_2009_full_rooted,10,0.1,1.0,kuiper,qn,post,0.00809258373705,0,post-clean,na,984,1224,0.803921568627,59,16.677966101694913,9.244645566705275,15.0,5.9304,10,69,0.006708201481959174,0.0015541439994284007,0.006469371450554648,0.0019181413922656414,0.0031174345576095216,0.010575370207065952,0.03334222817424922,0.015395015596588662,0.03649731871457888,0.015564946367805085,2.0000010000599997e-06,0.0654187981538,"gurobi_(8, 0, 0)"
cs10_fdr0.05_gam1.0,5806.250998267314,15322.304248637472,zero-branch-length-collapsed_WHO_2009_full_rooted,10,0.05,1.0,kuiper,qn,post,0.00809258373705,0,post-clean,na,976,1224,0.797385620915,56,17.428571428571427,10.7040470559795,15.0,5.9304,10,69,0.00676325720842499,0.001518452142315331,0.006548983778784644,0.0019379705046163925,0.003141559350795129,0.010575370207065952,0.03357485067170474,0.015268155002623178,0.036431933306639665,0.015976686941275287,2.0000010000599997e-06,0.0654187981538,"gurobi_(8, 0, 0)"
