run,average_dist,std_average_dist,Treefile,CS,FDR,MAD,Kuiper/KS,Qn/MAD,q-values,Within_cluster_limit,Solution_Index,Clean_up,Prior_taxa_clustered(%),#_of_clustered_sequences,Total_no_of_sequences,%_clustered,#_of_clusters,Mean_cluster_size,S.D.,Median_cluster_size,MAD.1,Min_cluster_size,Max_cluster_size,Grand_mean_of_mean_pwd,S.D..1,Grand_mean_of_median_pwd,S.D..2,Min_mean_pwd,Max_mean_pwd,Mean_of_inter-cluster_dist,S.D..3,Median_of_inter-cluster_dist,MAD.2,Min_inter-cluster_dist,Max_inter-cluster_dist
cs7_fdr0.15_gam3.0,33972.697063638385,246017.5716688246,zero-branch-length-collapsed_reordered.WHO_2015_final_rooted,7,0.15,3.0,kuiper,qn,post,0.01991724,0,post-clean,na,4268,4357,0.979573100757,89,47.95505617977528,79.96418375980465,21.0,16.3086,7,559,0.012671537290780003,0.0046927252004574605,0.012105211848314605,0.005254379855251807,0.0020540230545454553,0.022162957444444444,0.05561278358580183,0.02535141315796386,0.054806294999999984,0.02666750989139999,0.00041329199999999995,0.13336230300000002
cs8_fdr0.1_gam3.0,30127.32323894343,210592.27062191154,zero-branch-length-collapsed_reordered.WHO_2015_final_rooted,8,0.1,3.0,kuiper,qn,post,0.01991724,0,post-clean,na,4263,4357,0.978425522148,91,46.846153846153854,71.12647937565917,23.0,16.3086,8,521,0.012393681547843316,0.004726236559762931,0.011854186873626377,0.005073713344450843,0.0017079664615384615,0.022162957444444444,0.05729277484297924,0.02615942335219857,0.05652262,0.027334779225599997,0.0007266439999999999,0.135675717
cs3_fdr0.1_gam3.0,31111.340844205522,237076.9662555826,zero-branch-length-collapsed_reordered.WHO_2015_final_rooted,3,0.1,3.0,kuiper,qn,post,0.01991724,0,post-clean,na,4259,4357,0.977507459261,96,44.36458333333334,73.6405380053629,21.0,17.049899999999994,3,574,0.012277874869921941,0.004565336713824697,0.011875975463541666,0.004892362334626025,2e-06,0.022162957444444444,0.06119676812675439,0.02791339189877428,0.060393062,0.029578653554100005,0.000711575,0.142317589
cs6_fdr0.15_gam3.0,26944.216701063997,107879.37016194667,zero-branch-length-collapsed_reordered.WHO_2015_final_rooted,6,0.15,3.0,kuiper,qn,post,0.01991724,0,post-clean,na,4259,4357,0.977507459261,92,46.29347826086956,60.918345284194615,22.5,17.049899999999994,6,346,0.012437960094146844,0.004595168677751165,0.011813959108695656,0.005013967878898777,0.0031065398133333327,0.021307432666666664,0.055828474561872905,0.025805575239872928,0.05549587449999999,0.027155963580900017,0.000728025,0.13336230300000002
cs7_fdr0.1_gam3.0,31100.31353040043,223425.60302819227,zero-branch-length-collapsed_reordered.WHO_2015_final_rooted,7,0.1,3.0,kuiper,qn,post,0.01991724,0,post-clean,na,4259,4357,0.977507459261,93,45.79569892473118,67.2535046993326,24.0,17.7912,7,521,0.01263215931210742,0.004584425602983387,0.01207258122580645,0.00514719603003997,0.0017079664615384615,0.022162957444444444,0.057365902639083685,0.026852629812659626,0.055989989,0.028511819813400018,0.00041329199999999995,0.139381073
cs4_fdr0.2_gam3.0,22986.023715087777,103539.8314217419,zero-branch-length-collapsed_reordered.WHO_2015_final_rooted,4,0.2,3.0,kuiper,qn,post,0.01991724,0,post-clean,na,4258,4357,0.977277943539,94,45.29787234042554,54.303573178387786,23.5,18.5325,4,275,0.01225250476172478,0.0047136094060448285,0.011681569776595744,0.005202586719355933,2e-06,0.022162957444444444,0.05820079195515901,0.02678379114205915,0.05670002299999999,0.0283602061722,0.00041329199999999995,0.140154421
cs7_fdr0.2_gam3.0,30279.79269440112,218343.88462406123,zero-branch-length-collapsed_reordered.WHO_2015_final_rooted,7,0.2,3.0,kuiper,qn,post,0.01991724,0,post-clean,na,4257,4357,0.977048427817,98,43.438775510204074,68.78729598702668,20.0,16.3086,7,530,0.012206215729421791,0.00461182984912055,0.011686943913265305,0.005086979106266249,0.0020540230545454553,0.022162957444444444,0.056648764712602565,0.025844163207586347,0.05587470000000001,0.026902377453000004,0.00041329199999999995,0.135751683
cs2_fdr0.2_gam3.0,24972.61094051529,135183.89609917597,zero-branch-length-collapsed_reordered.WHO_2015_final_rooted,2,0.2,3.0,kuiper,qn,post,0.01991724,0,post-clean,na,4257,4357,0.977048427817,97,43.886597938144334,60.1056147350679,23.0,16.3086,4,304,0.012221981957644009,0.0046050503919088746,0.011648532525773195,0.005000806734357148,2e-06,0.022162957444444444,0.058570536001718215,0.028004257303884582,0.057282015499999984,0.030369533922000005,0.000711575,0.143050853
cs5_fdr0.2_gam3.0,22950.23741221223,103041.72905607402,zero-branch-length-collapsed_reordered.WHO_2015_final_rooted,5,0.2,3.0,kuiper,qn,post,0.01991724,0,post-clean,na,4257,4357,0.977048427817,97,43.886597938144334,55.59898760481537,20.0,14.826,5,283,0.012245709587285141,0.004594581238487454,0.01170799762628866,0.004966934188041905,0.0020540230545454553,0.022162957444444444,0.058068035573883174,0.027386028089428197,0.056973219999999984,0.029040021267599987,0.0007294469999999999,0.14153178800000002
cs9_fdr0.15_gam3.0,39320.11966578438,262548.53194514755,zero-branch-length-collapsed_reordered.WHO_2015_final_rooted,9,0.15,3.0,kuiper,qn,post,0.01991724,0,post-clean,na,4255,4357,0.976589396374,78,54.551282051282044,81.4627071774113,27.0,20.7564,9,561,0.013181881212578088,0.004466224822693172,0.012538956615384615,0.004986355283130271,0.0037795971323529407,0.022162957444444444,0.0555377819047619,0.025994044480841732,0.05446030600000002,0.02788566742499997,0.00041329199999999995,0.135346785
cs4_fdr0.1_gam3.0,22265.318514198003,108095.22023553244,zero-branch-length-collapsed_reordered.WHO_2015_final_rooted,4,0.1,3.0,kuiper,qn,post,0.01991724,0,post-clean,na,4254,4357,0.976359880652,99,42.96969696969697,54.67817804196541,22.0,16.3086,4,279,0.011804428446862992,0.004802376708457211,0.011230357752525255,0.005117324740762118,2e-06,0.021307432666666664,0.05953699789569161,0.02798915241347773,0.058318949,0.0293248761708,0.00041329199999999995,0.142317589
cs4_fdr0.15_gam3.0,23453.051392122394,97294.6660635509,zero-branch-length-collapsed_reordered.WHO_2015_final_rooted,4,0.15,3.0,kuiper,qn,post,0.01991724,0,post-clean,na,4254,4357,0.976359880652,96,44.3125,57.51051391290392,22.0,19.2738,4,309,0.011897628006133951,0.004819681906113133,0.011255472546875,0.00517352665888206,2e-06,0.021307432666666664,0.05994756892894736,0.02761298289584584,0.05846036900000001,0.02911378284149999,0.000729417,0.143050853
cs6_fdr0.1_gam3.0,29289.072225544554,232221.54970847565,zero-branch-length-collapsed_reordered.WHO_2015_final_rooted,6,0.1,3.0,kuiper,qn,post,0.01991724,0,post-clean,na,4254,4357,0.976359880652,100,42.54,68.35933282177629,24.5,17.049899999999994,6,579,0.012318056569336143,0.00447524331788589,0.011775774455000004,0.0048477742509920145,0.0017079664615384615,0.021307432666666664,0.05809084106828283,0.027449702089425317,0.057264095,0.0298439492568,0.000728025,0.137968278
cs6_fdr0.2_gam3.0,22227.045533199856,93304.49890581859,zero-branch-length-collapsed_reordered.WHO_2015_final_rooted,6,0.2,3.0,kuiper,qn,post,0.01991724,0,post-clean,na,4252,4357,0.975900849208,99,42.949494949494955,52.66167985596857,22.0,17.7912,6,277,0.011971066333425444,0.004594342103416274,0.011470850262626262,0.004897880317172803,0.0022462866111111115,0.021307432666666664,0.058311629403834275,0.026980767679563752,0.057581514000000014,0.02850960184380001,0.000728025,0.13336230300000002
cs3_fdr0.15_gam3.0,25148.87584427613,141389.80913337003,zero-branch-length-collapsed_reordered.WHO_2015_final_rooted,3,0.15,3.0,kuiper,qn,post,0.01991724,0,post-clean,na,4252,4357,0.975900849208,99,42.949494949494955,59.23963333702857,22.0,16.3086,3,330,0.012358100665524315,0.004519187319373843,0.011778565328282828,0.004940684092704539,2e-06,0.022162957444444444,0.06048229724015668,0.028170362953691155,0.059852943000000026,0.030029166027000037,0.000729492,0.143050853
cs3_fdr0.2_gam3.0,21402.27921546664,110014.94409888332,zero-branch-length-collapsed_reordered.WHO_2015_final_rooted,3,0.2,3.0,kuiper,qn,post,0.01991724,0,post-clean,na,4251,4357,0.975671333486,96,44.28125,58.458388822171706,21.0,17.049899999999994,4,334,0.012101110236393785,0.004611625130612958,0.011722274572916663,0.00508561444038105,2e-06,0.022162957444444444,0.05990188025548245,0.028606162480446142,0.05840304399999999,0.03066177291449997,0.0007302519999999999,0.14859510199999998
cs2_fdr0.15_gam3.0,31297.457038807697,222516.1906350486,zero-branch-length-collapsed_reordered.WHO_2015_final_rooted,2,0.15,3.0,kuiper,qn,post,0.01991724,0,post-clean,na,4251,4357,0.975671333486,94,45.22340425531914,68.51138422869293,23.5,18.5325,4,524,0.012241483040167988,0.004367247447660321,0.011542300925531912,0.004842969795785034,2e-06,0.022162957444444444,0.05832944289819263,0.02785532914272127,0.057272605999999976,0.03027275572440003,0.000711575,0.143050853
cs8_fdr0.15_gam3.0,28404.02866584551,141134.61865137334,zero-branch-length-collapsed_reordered.WHO_2015_final_rooted,8,0.15,3.0,kuiper,qn,post,0.01991724,0,post-clean,na,4251,4357,0.975671333486,89,47.76404494382022,62.21572120670695,24.0,16.3086,8,347,0.012858558172799616,0.004102757422941551,0.012234982365168538,0.004683130110186265,0.004787406714285714,0.022162957444444444,0.05312888237691522,0.024751095029904545,0.05207533,0.025777347955799983,0.00041329199999999995,0.130598586
cs7_fdr0.05_gam3.0,33318.497236853174,206194.95025859642,zero-branch-length-collapsed_reordered.WHO_2015_final_rooted,7,0.05,3.0,kuiper,qn,post,0.01991724,0,post-clean,na,4248,4357,0.974982786321,88,48.27272727272727,72.54007648138209,25.5,19.2738,7,476,0.0124453556758627,0.0044999464149216755,0.01192744368181818,0.005043301351465242,0.003447791238095237,0.022162957444444444,0.05675637904702194,0.0267509629801952,0.055700343999999985,0.028695218915999993,0.000711575,0.130724197
cs8_fdr0.05_gam3.0,35177.216723164966,234244.9968827488,zero-branch-length-collapsed_reordered.WHO_2015_final_rooted,8,0.05,3.0,kuiper,qn,post,0.01991724,0,post-clean,na,4248,4357,0.974982786321,85,49.976470588235294,76.54083511287234,23.0,16.3086,8,525,0.012813270220545386,0.0042565885111219975,0.012237749379411763,0.0047869309963947245,0.00317816035,0.022162957444444444,0.05557121352044818,0.026405521527492343,0.054135640999999984,0.028095247760999986,0.000711575,0.13094971
cs5_fdr0.15_gam3.0,22364.717023458303,93099.78255162168,zero-branch-length-collapsed_reordered.WHO_2015_final_rooted,5,0.15,3.0,kuiper,qn,post,0.01991724,0,post-clean,na,4247,4357,0.974753270599,96,44.23958333333334,58.5986787693099,24.5,20.0151,6,347,0.012215514468139949,0.00476918515731206,0.011587878348958332,0.005127477985889939,0.0020540230545454553,0.021307432666666664,0.055329187677631585,0.02626480664487247,0.0535632675,0.028254822222900013,0.000728025,0.13336230300000002
cs10_fdr0.2_gam3.0,37368.55689942821,241098.08842291188,zero-branch-length-collapsed_reordered.WHO_2015_final_rooted,10,0.2,3.0,kuiper,qn,post,0.01991724,0,post-clean,na,4247,4357,0.974753270599,80,53.0875,80.90034403237703,23.0,14.826,10,527,0.01336314882009958,0.004066614366179115,0.012667964668749998,0.004683071029891689,0.005622922291666667,0.02025849696969697,0.05261609304272151,0.02478435956528633,0.051779446500000006,0.02657879629649997,0.00041329199999999995,0.127297061
cs5_fdr0.1_gam3.0,27935.57751763889,174972.6293517058,zero-branch-length-collapsed_reordered.WHO_2015_final_rooted,5,0.1,3.0,kuiper,qn,post,0.01991724,0,post-clean,na,4245,4357,0.974294239155,103,41.2135922330097,60.38400815523029,23.0,16.3086,5,482,0.0120834286610011,0.004598248901506149,0.011600611106796116,0.004991555319508199,0.0014634427999999998,0.022162957444444444,0.05514009141481058,0.02593882864871161,0.05398950399999998,0.026856962449800018,0.000722532,0.133566947
cs4_fdr0.05_gam3.0,24370.81586911238,110795.09526558986,zero-branch-length-collapsed_reordered.WHO_2015_final_rooted,4,0.05,3.0,kuiper,qn,post,0.01991724,0,post-clean,na,4244,4357,0.974064723434,94,45.14893617021277,57.7333427910063,25.0,20.7564,4,334,0.012259796655286393,0.0044691038083325895,0.011676621632978723,0.004803072573200284,2e-06,0.021307432666666664,0.058097778272248914,0.0280535502128986,0.05646206999999999,0.030389141306999993,0.000727694,0.142317589
cs10_fdr0.15_gam3.0,31046.30073371736,143252.47530959937,zero-branch-length-collapsed_reordered.WHO_2015_final_rooted,10,0.15,3.0,kuiper,qn,post,0.01991724,0,post-clean,na,4244,4357,0.974064723434,82,51.75609756097561,66.89102266356838,25.0,16.3086,10,347,0.012922238473871564,0.004207428860576686,0.012259992414634149,0.004676501587316874,0.0037795971323529407,0.02025849696969697,0.05271049399427883,0.02383702407511641,0.05210336299999999,0.025086053088599982,0.00041329199999999995,0.127297061
cs9_fdr0.2_gam3.0,36971.7574528201,242447.0971018334,zero-branch-length-collapsed_reordered.WHO_2015_final_rooted,9,0.2,3.0,kuiper,qn,post,0.01991724,0,post-clean,na,4244,4357,0.974064723434,79,53.72151898734179,84.31867766272963,24.0,16.3086,9,527,0.013352623081802248,0.004335640738171753,0.012718085234177216,0.004906517487387432,0.005140112222222223,0.022162957444444444,0.051945136085037334,0.024474728087616877,0.05066691399999999,0.02668571621940001,0.00041329199999999995,0.128814031
cs6_fdr0.05_gam3.0,30857.760264098237,161171.0368334714,zero-branch-length-collapsed_reordered.WHO_2015_final_rooted,6,0.05,3.0,kuiper,qn,post,0.01991724,0,post-clean,na,4241,4357,0.973376176268,90,47.12222222222222,66.45363810566093,22.5,17.049899999999994,6,367,0.012381707016612571,0.004287069727532955,0.011861806188888891,0.00467667662428391,0.003447791238095237,0.021307432666666664,0.058009744594007484,0.02732807439305372,0.05656976200000002,0.029434971081600026,0.000711575,0.139346305
cs9_fdr0.05_gam3.0,33107.23496282878,217156.66870944801,zero-branch-length-collapsed_reordered.WHO_2015_final_rooted,9,0.05,3.0,kuiper,qn,post,0.01991724,0,post-clean,na,4238,4357,0.972687629103,86,49.27906976744186,74.5045835404524,27.0,17.049899999999994,9,521,0.012624294580743926,0.00422147272040629,0.012021611965116277,0.004782245614805889,0.003667904483516483,0.022162957444444444,0.05494255191874145,0.026174480185263083,0.05350700699999999,0.02727892078799996,0.000729202,0.13094971
cs5_fdr0.05_gam3.0,34550.33702789661,232745.38694664568,zero-branch-length-collapsed_reordered.WHO_2015_final_rooted,5,0.05,3.0,kuiper,qn,post,0.01991724,0,post-clean,na,4238,4357,0.972687629103,86,49.27906976744186,77.13207178565877,23.5,17.7912,6,527,0.012706739421052791,0.0043988838144784475,0.012075304125000002,0.0048844455352737215,0.003447791238095237,0.022162957444444444,0.05488692226922025,0.02564063903147334,0.05395756100000002,0.027683173916999957,0.000711575,0.127422672
cs10_fdr0.1_gam3.0,34611.770701806316,224192.8380797668,zero-branch-length-collapsed_reordered.WHO_2015_final_rooted,10,0.1,3.0,kuiper,qn,post,0.01991724,0,post-clean,na,4238,4357,0.972687629103,85,49.85882352941177,69.12172715771871,25.0,17.7912,10,499,0.012749058229589721,0.0044114458784973,0.012138755844117643,0.004846233617027661,0.0017079664615384615,0.02025849696969697,0.054756165627450976,0.025130543592878918,0.054261322999999986,0.02618016815189999,0.00041329199999999995,0.135346785
cs2_fdr0.05_gam3.0,27474.63604858053,143311.77474339705,zero-branch-length-collapsed_reordered.WHO_2015_final_rooted,2,0.05,3.0,kuiper,qn,post,0.01991724,0,post-clean,na,4236,4357,0.972228597659,95,44.58947368421053,63.92839989824423,23.0,19.2738,2,326,0.01178994177763176,0.004600286562793957,0.011177223536842106,0.00488243773058275,2e-06,0.022162957444444444,0.05616782492855543,0.026459587149784046,0.055053859000000004,0.02809755320399998,0.00041329199999999995,0.137711614
cs3_fdr0.05_gam3.0,27935.91993983435,127150.34661776814,zero-branch-length-collapsed_reordered.WHO_2015_final_rooted,3,0.05,3.0,kuiper,qn,post,0.01991724,0,post-clean,na,4234,4357,0.971769566215,94,45.04255319148936,62.42930020906782,23.0,16.3086,3,346,0.01216951726870915,0.004315415010645318,0.011607743255319145,0.0046908407014973705,2e-06,0.022162957444444444,0.057554296936170216,0.027545773790091637,0.056487758999999985,0.029630309562000023,0.000711575,0.142317589
cs10_fdr0.05_gam3.0,31775.974003372692,212208.43335958364,zero-branch-length-collapsed_reordered.WHO_2015_final_rooted,10,0.05,3.0,kuiper,qn,post,0.01991724,0,post-clean,na,4233,4357,0.971540050493,90,47.03333333333333,68.60773533876926,24.0,14.826,10,512,0.01237176357267205,0.004275562000241511,0.01179790208888889,0.004831741814898896,0.003667904483516483,0.02025849696969697,0.057065178113857674,0.027037583831491,0.055740798,0.028300005199199983,0.000711575,0.135681296
cs2_fdr0.1_gam3.0,23163.88712554619,133910.73402649004,zero-branch-length-collapsed_reordered.WHO_2015_final_rooted,2,0.1,3.0,kuiper,qn,post,0.01991724,0,post-clean,na,4225,4357,0.969703924719,110,38.40909090909091,56.936516306095065,20.0,14.826,4,331,0.011442787907159628,0.004259902315547363,0.010997366681818182,0.004718893669914372,2e-06,0.022162957444444444,0.061096697857047536,0.02857534781780377,0.060393032,0.030472218797999988,0.00041329199999999995,0.142317589
cs9_fdr0.1_gam3.0,23024.9138254252,104406.37326262788,zero-branch-length-collapsed_reordered.WHO_2015_final_rooted,9,0.1,3.0,kuiper,qn,post,0.01991724,0,post-clean,na,4224,4357,0.969474408997,89,47.46067415730337,52.113306663063796,30.0,23.7216,9,276,0.012451026779071271,0.004732149981371804,0.01192895868539326,0.0051748324526748254,0.0017079664615384615,0.022162957444444444,0.05367294848825332,0.02485095367686628,0.05277641599999998,0.026094311527199977,0.00041329199999999995,0.127297061
cs8_fdr0.2_gam3.0,29291.387982455926,157761.14522614045,zero-branch-length-collapsed_reordered.WHO_2015_final_rooted,8,0.2,3.0,kuiper,qn,post,0.01991724,0,post-clean,na,4221,4357,0.968785861832,90,46.9,61.3071196627954,24.0,18.5325,8,333,0.012696570603675673,0.004249489853835284,0.01214253516111111,0.004671108489002841,0.004390056714285715,0.022162957444444444,0.05574472929588015,0.025808926858014853,0.054490525,0.02744039964959999,0.00041329199999999995,0.129481616
cs6_fdr0.15_gam2.0,20568.729298386726,155615.39239357226,zero-branch-length-collapsed_reordered.WHO_2015_final_rooted,6,0.15,2.0,kuiper,qn,post,0.01479517,0,post-clean,na,4170,4357,0.957080560018,124,33.62903225806452,56.804967683534564,17.0,11.8608,6,508,0.009904756726602435,0.0031935341534144127,0.009647560298387096,0.003512260853120659,0.0016735457142857144,0.014683809153439156,0.06172998732795699,0.028849557445162217,0.0602212305,0.028775793036899987,0.000728025,0.16305610199999998
cs6_fdr0.2_gam2.0,19970.585768131492,154152.72424169083,zero-branch-length-collapsed_reordered.WHO_2015_final_rooted,6,0.2,2.0,kuiper,qn,post,0.01479517,0,post-clean,na,4166,4357,0.956162497131,129,32.29457364341085,56.22602309829153,16.0,11.8608,6,508,0.009842958395064686,0.0033931669635175296,0.009513282308139534,0.0037199206418221634,0.0016735457142857144,0.01972340600000001,0.06383841820760659,0.029987624160491014,0.0622850175,0.03080684384189997,0.000725431,0.164135395
cs5_fdr0.2_gam2.0,14419.726845073676,90454.09433245969,zero-branch-length-collapsed_reordered.WHO_2015_final_rooted,5,0.2,2.0,kuiper,qn,post,0.01479517,0,post-clean,na,4160,4357,0.9547854028,134,31.044776119402986,45.6618604397771,16.0,11.8608,5,354,0.009572511932085278,0.003410551624540698,0.009413472007462688,0.0038714131940420313,0.0016717602857142856,0.018701438799999998,0.060890264445516776,0.02856399880718652,0.059392532000000005,0.028311508692600008,0.000728025,0.16305610199999998
cs3_fdr0.2_gam2.0,8974.751007244682,37246.48039052246,zero-branch-length-collapsed_reordered.WHO_2015_final_rooted,3,0.2,2.0,kuiper,qn,post,0.01479517,0,post-clean,na,4159,4357,0.954555887078,144,28.881944444444446,35.50701625292814,17.0,14.826,3,239,0.009652774530116058,0.0036164779002452133,0.009464510116319444,0.004220672680426361,2e-06,0.02072944833333333,0.061524806035742036,0.029316632646419608,0.0600965055,0.03002398063350001,0.000722532,0.17077208100000002
cs5_fdr0.15_gam2.0,14305.496655739984,84269.7680291525,zero-branch-length-collapsed_reordered.WHO_2015_final_rooted,5,0.15,2.0,kuiper,qn,post,0.01479517,0,post-clean,na,4156,4357,0.953867339913,130,31.96923076923077,46.49346681812444,16.0,13.3434,5,352,0.009579566442828877,0.0033604520052777395,0.009240145303846157,0.0037235880217732467,0.0016735457142857144,0.014683809153439156,0.060258053293261775,0.02861795459329561,0.058072297999999974,0.028783077792000025,0.000728025,0.163784664
cs6_fdr0.1_gam2.0,21126.70407042357,193380.9518614738,zero-branch-length-collapsed_reordered.WHO_2015_final_rooted,6,0.1,2.0,kuiper,qn,post,0.01479517,0,post-clean,na,4151,4357,0.952719761304,125,33.208,60.3944421711244,17.0,13.3434,6,553,0.0097426887406238,0.0034800352367795754,0.009368745006,0.0037789182691216547,0.0016735457142857144,0.01972340600000001,0.0625146427628387,0.029133397749860686,0.061037075499999996,0.029581769238,0.000728025,0.163407226
cs4_fdr0.2_gam2.0,11336.037127003588,69416.18826349439,zero-branch-length-collapsed_reordered.WHO_2015_final_rooted,4,0.2,2.0,kuiper,qn,post,0.01479517,0,post-clean,na,4150,4357,0.952490245582,135,30.740740740740737,42.7535392552499,16.0,13.3434,4,275,0.009465480277761602,0.00351119590827798,0.009203901940740744,0.0038507636305199103,2e-06,0.016083536733333334,0.06190642120840241,0.029306596971677205,0.059538391,0.029520380702399974,0.000728025,0.17004351899999998
cs4_fdr0.15_gam2.0,13942.519371866632,93991.4015568212,zero-branch-length-collapsed_reordered.WHO_2015_final_rooted,4,0.15,2.0,kuiper,qn,post,0.01479517,0,post-clean,na,4144,4357,0.951113151251,135,30.696296296296296,49.387029851201774,15.0,11.8608,4,413,0.009482979067338715,0.0036010773638714064,0.009256967103703705,0.003920966748082903,2e-06,0.01972340600000001,0.0624551407562189,0.02921221925413555,0.060920221999999975,0.02981282948280004,0.000728025,0.17004351899999998
cs5_fdr0.1_gam2.0,16068.066018268244,118669.83383920953,zero-branch-length-collapsed_reordered.WHO_2015_final_rooted,5,0.1,2.0,kuiper,qn,post,0.01479517,0,post-clean,na,4143,4357,0.950883635529,128,32.3671875,47.40940321589592,17.0,14.826,5,383,0.009756436606152705,0.0033521396796747987,0.009499190576171877,0.0038857893700175064,0.0014634427999999998,0.018701438799999998,0.06105351822490158,0.028838318008762086,0.059393237,0.02885355911340002,0.000727946,0.163784664
cs3_fdr0.15_gam2.0,15796.09478394174,109342.87545767109,zero-branch-length-collapsed_reordered.WHO_2015_final_rooted,3,0.15,2.0,kuiper,qn,post,0.01479517,0,post-clean,na,4141,4357,0.950424604085,132,31.37121212121212,52.67100906064086,15.0,12.6021,3,428,0.00964855524013055,0.003700395502297161,0.009526910992424241,0.004066277078411497,2e-06,0.02072944833333333,0.06386512814075873,0.029258829137626133,0.06260659600000001,0.02965348111740002,0.000727946,0.17077208100000002
cs4_fdr0.1_gam2.0,16039.072268454009,123430.21960180723,zero-branch-length-collapsed_reordered.WHO_2015_final_rooted,4,0.1,2.0,kuiper,qn,post,0.01479517,0,post-clean,na,4139,4357,0.949965572642,131,31.595419847328248,47.49376940933397,16.0,13.3434,4,399,0.009678063701811065,0.003559731303414973,0.00957367920038168,0.00410904073435321,2e-06,0.0187962405,0.062275037924838524,0.028972680377167888,0.060466951,0.028874967857399975,0.000728025,0.17077208100000002
cs7_fdr0.2_gam2.0,21583.99453070844,159150.17872680718,zero-branch-length-collapsed_reordered.WHO_2015_final_rooted,7,0.2,2.0,kuiper,qn,post,0.01479517,0,post-clean,na,4139,4357,0.949965572642,121,34.206611570247944,57.287421154992934,17.0,10.3782,7,522,0.010028589138034486,0.0033967589385517204,0.00966345294214876,0.00372995446523016,0.0016735457142857144,0.01972340600000001,0.06100936636749312,0.0288320151514752,0.059423778499999975,0.028840546333200025,0.000728025,0.158636902
cs6_fdr0.05_gam2.0,23130.02968401653,192851.05956406874,zero-branch-length-collapsed_reordered.WHO_2015_final_rooted,6,0.05,2.0,kuiper,qn,post,0.01479517,0,post-clean,na,4139,4357,0.949965572642,116,35.68103448275862,59.63870921793504,18.0,13.3434,6,537,0.010029216978727077,0.003243843533351403,0.009622146504310343,0.0036182067007888116,0.0020540230545454553,0.01972340600000001,0.062394868785757125,0.029429651254152037,0.06088508699999999,0.030325236057900006,0.000728025,0.158988026
cs7_fdr0.15_gam2.0,18814.562423788437,151172.5297421064,zero-branch-length-collapsed_reordered.WHO_2015_final_rooted,7,0.15,2.0,kuiper,qn,post,0.01479517,0,post-clean,na,4135,4357,0.949047509754,123,33.61788617886179,55.68758291196613,18.0,13.3434,7,520,0.009910058672469671,0.003288194890863569,0.00951009000813008,0.0035643978231460673,0.0016735457142857144,0.015261528933333334,0.06050705585179261,0.028489431542634724,0.05934543299999999,0.028302881443199968,0.000728025,0.158636902
cs3_fdr0.1_gam2.0,15510.272781658614,69281.47201641327,zero-branch-length-collapsed_reordered.WHO_2015_final_rooted,3,0.1,2.0,kuiper,qn,post,0.01479517,0,post-clean,na,4133,4357,0.948588478311,125,33.064,42.62207212534445,18.0,13.3434,3,266,0.010109682116749456,0.003183180676126249,0.009878384990000004,0.003580385223805529,0.0003692570000000001,0.018701438799999998,0.0617905069316129,0.02862329339345425,0.060446806999999984,0.028742893401600005,0.000728025,0.158636902
cs7_fdr0.1_gam2.0,21602.409309577914,159182.162930526,zero-branch-length-collapsed_reordered.WHO_2015_final_rooted,7,0.1,2.0,kuiper,qn,post,0.01479517,0,post-clean,na,4131,4357,0.948129446867,121,34.140495867768585,57.527718794960634,17.0,11.8608,7,522,0.00991735279595927,0.003320788628111985,0.009499401061983472,0.00356907259942645,0.0016735457142857144,0.015261528933333334,0.061055987923415975,0.02898216130192448,0.0594926575,0.029101158502500005,0.000728025,0.158636902
cs2_fdr0.2_gam2.0,13792.647574211667,90926.44061175964,zero-branch-length-collapsed_reordered.WHO_2015_final_rooted,2,0.2,2.0,kuiper,qn,post,0.01479517,0,post-clean,na,4130,4357,0.947899931145,145,28.48275862068965,40.22076292308417,15.0,11.8608,2,282,0.009456372141093563,0.003657867192903979,0.009225351179310346,0.003768509499483078,2e-06,0.02072944833333333,0.06326310291436782,0.030091585659717212,0.0615029635,0.030778437967199975,0.000728025,0.166635523
cs7_fdr0.05_gam2.0,23622.819529327186,194868.38790855967,zero-branch-length-collapsed_reordered.WHO_2015_final_rooted,7,0.05,2.0,kuiper,qn,post,0.01479517,0,post-clean,na,4128,4357,0.9474408997020001,114,36.21052631578947,60.879755805827415,18.5,12.6021,7,537,0.009982546251149648,0.0032391882658333176,0.009528514129385966,0.0035640116793813703,0.0016735457142857144,0.015261528933333334,0.061639433130569785,0.028945871681061237,0.05969771099999997,0.028648312417199968,0.000728025,0.16305610199999998
cs5_fdr0.05_gam2.0,17092.5630516673,132078.34029606567,zero-branch-length-collapsed_reordered.WHO_2015_final_rooted,5,0.05,2.0,kuiper,qn,post,0.01479517,0,post-clean,na,4126,4357,0.946981868258,125,33.008,52.556037067667724,17.0,13.3434,5,434,0.009839667276793643,0.003231910536209633,0.009494457356,0.003536515179925522,0.0014634427999999998,0.014745516474603175,0.061490229662451615,0.029160395158266725,0.0596723725,0.029578466746500005,0.000686353,0.158988026
cs3_fdr0.05_gam2.0,18112.971286131327,148672.17779177154,zero-branch-length-collapsed_reordered.WHO_2015_final_rooted,3,0.05,2.0,kuiper,qn,post,0.01479517,0,post-clean,na,4121,4357,0.9458342896490001,123,33.50406504065041,49.75371705098201,18.0,16.3086,3,418,0.009751252637902635,0.0036320393373421283,0.009534807621951216,0.0040057018572425464,2e-06,0.018701438799999998,0.06296390274930028,0.029760878982360763,0.061132118,0.0297694100592,0.000722532,0.17077208100000002
cs2_fdr0.15_gam2.0,14100.335851630583,120263.09338374034,zero-branch-length-collapsed_reordered.WHO_2015_final_rooted,2,0.15,2.0,kuiper,qn,post,0.01479517,0,post-clean,na,4120,4357,0.945604773927,134,30.746268656716413,48.69109111935619,16.0,13.3434,2,424,0.009685561198638492,0.0035332543362877602,0.00942451305783582,0.003650245484371804,2e-06,0.018032502722222225,0.06321697247929525,0.03053762114149703,0.060941283999999984,0.030977697924599982,0.000728025,0.17004351899999998
cs9_fdr0.15_gam2.0,22998.489955888137,165711.38611329664,zero-branch-length-collapsed_reordered.WHO_2015_final_rooted,9,0.15,2.0,kuiper,qn,post,0.01479517,0,post-clean,na,4120,4357,0.945604773927,109,37.79816513761468,58.09567138470079,19.0,11.8608,9,508,0.010509191408649322,0.0031181218883272505,0.01024992827293578,0.0034843142574565947,0.002054023054545455,0.01972340600000001,0.05949576282229019,0.02879040717001758,0.057651237000000015,0.028876960471800005,0.000722532,0.164135788
cs9_fdr0.2_gam2.0,19709.31498283474,156366.16682548152,zero-branch-length-collapsed_reordered.WHO_2015_final_rooted,9,0.2,2.0,kuiper,qn,post,0.01479517,0,post-clean,na,4118,4357,0.945145742483,114,36.122807017543856,57.317025586987846,18.5,11.1195,9,503,0.01021095043210869,0.003126454522669518,0.00996180133991228,0.0033651601561077923,0.003104953169312169,0.01972340600000001,0.05961477666868498,0.02861684463847562,0.05738426100000001,0.028476646611000005,0.000728025,0.171783285
cs8_fdr0.15_gam2.0,22683.196868418905,164250.955317949,zero-branch-length-collapsed_reordered.WHO_2015_final_rooted,8,0.15,2.0,kuiper,qn,post,0.01479517,0,post-clean,na,4117,4357,0.944916226762,111,37.090090090090094,59.08430795359666,18.0,11.8608,8,518,0.010189331957589438,0.003305013560183645,0.009889566527027029,0.003645792828146293,0.002054023054545455,0.01972340600000001,0.05946750794922195,0.02866721614567283,0.05738426100000001,0.02852951464440004,0.000722532,0.163784664
cs8_fdr0.1_gam2.0,22762.6164062534,164244.3481160069,zero-branch-length-collapsed_reordered.WHO_2015_final_rooted,8,0.1,2.0,kuiper,qn,post,0.01479517,0,post-clean,na,4115,4357,0.944457195318,111,37.072072072072075,58.54116061086836,19.0,13.3434,8,518,0.01025353928605114,0.0032499383029177386,0.00992884564189189,0.0035279196977961265,0.002054023054545455,0.01972340600000001,0.06059795706994268,0.0291153886489247,0.058656424000000006,0.029163587081999974,0.000722532,0.163784664
cs2_fdr0.05_gam2.0,13833.33286202617,62483.46185501893,zero-branch-length-collapsed_reordered.WHO_2015_final_rooted,2,0.05,2.0,kuiper,qn,post,0.01479517,0,post-clean,na,4114,4357,0.9442276795960001,129,31.891472868217047,41.11706616290809,18.0,14.826,2,267,0.00973384880274005,0.0031991368453727852,0.009456090118217056,0.0034500407579959643,0.0014634427999999998,0.015125497435897438,0.06200828347238373,0.02989912331790312,0.059714140999999984,0.03004611436890002,0.000728025,0.168099047
cs8_fdr0.2_gam2.0,21774.557601222878,160411.29298172798,zero-branch-length-collapsed_reordered.WHO_2015_final_rooted,8,0.2,2.0,kuiper,qn,post,0.01479517,0,post-clean,na,4114,4357,0.9442276795960001,119,34.57142857142857,56.44189624145986,18.0,11.8608,8,518,0.01009233906534441,0.0030638051377080426,0.009832282934873956,0.0033239746533342985,0.003104953169312169,0.01972340600000001,0.06123558191767555,0.029448040957779486,0.059425506999999975,0.029650726446600006,0.000722532,0.171783285
cs4_fdr0.05_gam2.0,17805.702835069344,163493.21505350695,zero-branch-length-collapsed_reordered.WHO_2015_final_rooted,4,0.05,2.0,kuiper,qn,post,0.01479517,0,post-clean,na,4113,4357,0.943998163874,130,31.638461538461538,51.15942612398735,17.0,14.826,4,465,0.009624773896373852,0.0036679122590713774,0.009331368007692306,0.003892664407136649,2e-06,0.01972340600000001,0.06140851616481813,0.02932527817048965,0.05942448,0.0293299689018,0.000728025,0.17077208100000002
cs2_fdr0.1_gam2.0,15934.886324576595,138903.689510224,zero-branch-length-collapsed_reordered.WHO_2015_final_rooted,2,0.1,2.0,kuiper,qn,post,0.01479517,0,post-clean,na,4111,4357,0.9435391324310001,141,29.156028368794328,44.725557361047294,16.0,13.3434,2,410,0.009460268863426534,0.003284581199013029,0.009234686088652482,0.0035709408054822437,2e-06,0.015119806000000001,0.06234279776534954,0.029672241671242206,0.060427478999999985,0.029814688663199987,0.000686353,0.165624319
cs8_fdr0.05_gam2.0,24223.275900356006,197913.085994576,zero-branch-length-collapsed_reordered.WHO_2015_final_rooted,8,0.05,2.0,kuiper,qn,post,0.01479517,0,post-clean,na,4110,4357,0.943309616709,110,37.36363636363637,59.94687667721141,20.0,13.3434,8,536,0.010286880871904531,0.0032467452773101645,0.009940727790909092,0.0035192166395495686,0.0020540230545454553,0.01972340600000001,0.05913947337331109,0.02874778511198425,0.05693570999999999,0.028838319468000008,0.000722532,0.158636902
cs9_fdr0.1_gam2.0,20350.284186310546,158211.73711739085,zero-branch-length-collapsed_reordered.WHO_2015_final_rooted,9,0.1,2.0,kuiper,qn,post,0.01479517,0,post-clean,na,4107,4357,0.9426210695430001,112,36.669642857142854,58.43505494750686,20.0,13.3434,9,519,0.010325290890647057,0.0031853680847230303,0.010051687620535713,0.003415883281189292,0.002054023054545455,0.01972340600000001,0.06209973953458816,0.03017527764577376,0.05970031449999999,0.03031849986479998,0.000728025,0.17544671399999998
cs9_fdr0.05_gam2.0,23460.091862095156,205890.02278891238,zero-branch-length-collapsed_reordered.WHO_2015_final_rooted,9,0.05,2.0,kuiper,qn,post,0.01479517,0,post-clean,na,4106,4357,0.942391553821,110,37.32727272727273,62.30041292968564,18.5,11.8608,9,551,0.010370889352639408,0.003319038235638483,0.009929425715909093,0.003562967784200111,0.0020540230545454553,0.01972340600000001,0.06056019393728108,0.02924518021227112,0.05864282,0.0293020011354,0.000728025,0.163784664
cs10_fdr0.15_gam2.0,20919.619150956405,160632.6049166358,zero-branch-length-collapsed_reordered.WHO_2015_final_rooted,10,0.15,2.0,kuiper,qn,post,0.01479517,0,post-clean,na,4093,4357,0.939407849438,109,37.55045871559633,58.68520638850735,19.0,11.8608,10,517,0.010280783019580809,0.003082354154354916,0.009974074403669727,0.003364559340429698,0.0020540230545454553,0.015261528933333334,0.058437019265035674,0.028626804290025745,0.056483010999999986,0.028278765471600013,0.000722532,0.163784664
cs10_fdr0.1_gam2.0,22795.640572124757,164974.75941662904,zero-branch-length-collapsed_reordered.WHO_2015_final_rooted,10,0.1,2.0,kuiper,qn,post,0.01479517,0,post-clean,na,4087,4357,0.9380307551070001,110,37.154545454545456,57.22484004869592,19.0,11.8608,10,518,0.010220038859753864,0.002967442898225927,0.009925175845454545,0.003194239791873446,0.002054023054545455,0.015261528933333334,0.05997595495162635,0.028933318720810463,0.058115231000000024,0.029112871783799982,0.000722532,0.163784664
cs10_fdr0.05_gam2.0,18753.06455236226,141941.35115957898,zero-branch-length-collapsed_reordered.WHO_2015_final_rooted,10,0.05,2.0,kuiper,qn,post,0.01479517,0,post-clean,na,4086,4357,0.937801239385,106,38.54716981132076,58.818871619408114,21.5,12.6021,10,496,0.010424548897808509,0.0029934459288100622,0.010226151634433965,0.003100987021313068,0.003104953169312169,0.015261528933333334,0.05892546004043126,0.028750820617098907,0.05657673500000001,0.028431753483000043,0.000722532,0.163784664
cs10_fdr0.2_gam2.0,22730.406502856822,165734.06036213713,zero-branch-length-collapsed_reordered.WHO_2015_final_rooted,10,0.2,2.0,kuiper,qn,post,0.01479517,0,post-clean,na,4042,4357,0.927702547625,109,37.082568807339456,57.950030907921175,20.0,13.3434,10,519,0.010306289252817648,0.002980233352932019,0.010112177559633027,0.003230495313231196,0.002054023054545455,0.015261528933333334,0.05847888384029901,0.028960450697078918,0.055854281999999984,0.028614955399800013,0.000722532,0.164863957
cs4_fdr0.2_gam1.0,5588.677287017493,23970.57908458888,zero-branch-length-collapsed_reordered.WHO_2015_final_rooted,4,0.2,1.0,kuiper,qn,post,0.0096731,0,post-clean,na,3812,4357,0.874913931604,188,20.27659574468085,24.740321612355057,11.0,7.4129999999999985,4,213,0.007175914615951471,0.0023533692472536547,0.007067378917553192,0.002626163386067107,2e-06,0.01780844506666666,0.06369833847565139,0.030360581477980087,0.061677848999999986,0.03081677429670005,0.000722532,0.17544671399999998
cs5_fdr0.2_gam1.0,6288.893711702266,27971.665620232005,zero-branch-length-collapsed_reordered.WHO_2015_final_rooted,5,0.2,1.0,kuiper,qn,post,0.0096731,0,post-clean,na,3804,4357,0.8730778058299999,179,21.25139664804469,26.38944366223852,11.0,5.9304,5,209,0.007113093530384374,0.00244656313158142,0.007053219868715085,0.002702602667286848,0.00091632175,0.01780844506666666,0.06338912570686082,0.029677484640143963,0.061713461000000025,0.030207208495799963,0.000722532,0.174718152
cs3_fdr0.2_gam1.0,5964.332896322181,27026.973336894716,zero-branch-length-collapsed_reordered.WHO_2015_final_rooted,3,0.2,1.0,kuiper,qn,post,0.0096731,0,post-clean,na,3797,4357,0.871471195777,189,20.08994708994709,25.593328471131464,12.0,7.4129999999999985,3,209,0.007087547627240525,0.002515335173206682,0.007070420550264552,0.002852846224935899,2e-06,0.017464634,0.0638904758640099,0.030693015944165288,0.0617267165,0.031540203777599994,0.000722532,0.174718152
cs6_fdr0.2_gam1.0,6906.299704567933,31072.792527247486,zero-branch-length-collapsed_reordered.WHO_2015_final_rooted,6,0.2,1.0,kuiper,qn,post,0.0096731,0,post-clean,na,3796,4357,0.871241680055,177,21.44632768361582,26.77237171050876,12.0,5.9304,6,209,0.007103507234730576,0.002344982903952284,0.007015263313559322,0.0026213363383994675,0.00091632175,0.018696349127272725,0.06462002906843863,0.030499669499701974,0.0627073615,0.03104156685,0.000722532,0.174718152
cs3_fdr0.15_gam1.0,5835.234338430163,25949.22627366413,zero-branch-length-collapsed_reordered.WHO_2015_final_rooted,3,0.15,1.0,kuiper,qn,post,0.0096731,0,post-clean,na,3794,4357,0.8707826486110001,189,20.074074074074076,25.40134890903905,12.0,7.4129999999999985,3,205,0.007081052373331762,0.002518752509031513,0.0070613379126984125,0.002850361583758284,2e-06,0.017464634,0.06303931400754248,0.030141467805464044,0.061024969000000005,0.030657008579400014,0.000722532,0.17544671399999998
cs4_fdr0.1_gam1.0,7245.808092939106,37071.6335555627,zero-branch-length-collapsed_reordered.WHO_2015_final_rooted,4,0.1,1.0,kuiper,qn,post,0.0096731,0,post-clean,na,3784,4357,0.8684874913930001,183,20.6775956284153,26.85062241099009,11.0,7.4129999999999985,4,209,0.007124460527839232,0.0025492646925512003,0.007037244786885249,0.002798680378930561,2e-06,0.018696349127272725,0.06250796681811085,0.029605240441561532,0.060879591999999975,0.030319129969799994,0.000727694,0.174718152
cs4_fdr0.15_gam1.0,6441.350805065376,30085.803926493336,zero-branch-length-collapsed_reordered.WHO_2015_final_rooted,4,0.15,1.0,kuiper,qn,post,0.0096731,0,post-clean,na,3783,4357,0.868257975671,188,20.122340425531913,25.977179019039653,11.0,5.9304,4,205,0.0072290519833340455,0.0022987610133402138,0.0071559528989361704,0.0025793623403351754,2e-06,0.015553281392857143,0.06406503884093755,0.03047526501977056,0.062327266999999985,0.031339625788799993,0.000722532,0.174718152
cs5_fdr0.1_gam1.0,7987.872822499616,38790.11174050954,zero-branch-length-collapsed_reordered.WHO_2015_final_rooted,5,0.1,1.0,kuiper,qn,post,0.0096731,0,post-clean,na,3780,4357,0.867569428506,174,21.724137931034484,27.016025924754228,12.0,7.4129999999999985,5,205,0.007272931432907977,0.002485030335918369,0.007164192853448275,0.002724661595554486,2.0000000000000003e-06,0.01780844506666666,0.06304771842322769,0.02992142531083484,0.061413489,0.03074271620279999,0.000722532,0.174718152
cs5_fdr0.15_gam1.0,8154.339815494305,42534.86428334912,zero-branch-length-collapsed_reordered.WHO_2015_final_rooted,5,0.15,1.0,kuiper,qn,post,0.0096731,0,post-clean,na,3780,4357,0.867569428506,175,21.6,26.70959188850655,12.0,7.4129999999999985,5,209,0.007309376476687522,0.002487258360554555,0.007235702997142856,0.002770685844454385,2.0000000000000003e-06,0.018696349127272725,0.062471140761247934,0.029947174900889918,0.06058981799999999,0.030584902328400037,0.000722532,0.174718152
cs6_fdr0.15_gam1.0,8516.481297924083,43765.06695935004,zero-branch-length-collapsed_reordered.WHO_2015_final_rooted,6,0.15,1.0,kuiper,qn,post,0.0096731,0,post-clean,na,3774,4357,0.8661923341750001,169,22.33136094674556,27.081825282591254,13.0,7.4129999999999985,6,212,0.0072635005430927,0.002322250132895685,0.007158626396449703,0.0025092168428001147,0.00091632175,0.01780844506666666,0.06302232802620457,0.03017742855702185,0.0610969355,0.030736676831699995,0.000728025,0.174718152
cs3_fdr0.1_gam1.0,6314.417284599021,33085.770827357745,zero-branch-length-collapsed_reordered.WHO_2015_final_rooted,3,0.1,1.0,kuiper,qn,post,0.0096731,0,post-clean,na,3769,4357,0.865044755566,191,19.73298429319372,25.630715762943577,12.0,7.4129999999999985,3,205,0.007094954500329987,0.0024872349416432287,0.007057855678010472,0.002867983356901341,2e-06,0.018696349127272718,0.06207628007429045,0.02990671531228237,0.060149147000000014,0.030371393102399957,0.000722532,0.170298952
cs6_fdr0.1_gam1.0,7251.606014026596,31590.164986582742,zero-branch-length-collapsed_reordered.WHO_2015_final_rooted,6,0.1,1.0,kuiper,qn,post,0.0096731,0,post-clean,na,3767,4357,0.8645857241220001,169,22.289940828402372,28.262038406269113,12.0,5.9304,6,234,0.007153186376035916,0.0024389849161977352,0.0070496860059171594,0.0027153082930187933,0.00091632175,0.018696349127272725,0.06323664481205975,0.03012557487041598,0.061599698,0.030516945133500006,0.000722532,0.174718152
cs2_fdr0.2_gam1.0,7330.140208222497,36956.775958324164,zero-branch-length-collapsed_reordered.WHO_2015_final_rooted,2,0.2,1.0,kuiper,qn,post,0.0096731,0,post-clean,na,3766,4357,0.8643562084,194,19.412371134020614,26.28845668673523,11.0,7.4129999999999985,2,209,0.007118798257013623,0.002657839957456377,0.0070748471340206205,0.0029008257396318147,2e-06,0.02107026,0.0641438058563111,0.029927258761941283,0.062428044,0.030246245353799994,0.000728025,0.170298952
cs7_fdr0.2_gam1.0,8306.707920541712,42889.11768181361,zero-branch-length-collapsed_reordered.WHO_2015_final_rooted,7,0.2,1.0,kuiper,qn,post,0.0096731,0,post-clean,na,3758,4357,0.862520082626,161,23.341614906832298,28.51295880605477,13.0,5.9304,7,209,0.007380867020814006,0.002149526104888012,0.007218822232919255,0.0023969949389709647,0.00091632175,0.015553281392857143,0.061870553148913036,0.030148866891268833,0.0595353745,0.03060736816620001,0.000722532,0.17544671399999998
cs5_fdr0.05_gam1.0,7889.125411547173,38933.530512764024,zero-branch-length-collapsed_reordered.WHO_2015_final_rooted,5,0.05,1.0,kuiper,qn,post,0.0096731,0,post-clean,na,3755,4357,0.86183153546,171,21.95906432748538,26.935075912525004,12.0,7.4129999999999985,5,199,0.0072161447302532735,0.0024800410495975193,0.007143103687134503,0.0027969381640683523,2.0000000000000003e-06,0.018696349127272725,0.06214244420722394,0.029680565934017907,0.060266113,0.029943861670799994,0.000722532,0.174718152
cs7_fdr0.15_gam1.0,8137.118399288589,41393.157955016155,zero-branch-length-collapsed_reordered.WHO_2015_final_rooted,7,0.15,1.0,kuiper,qn,post,0.0096731,0,post-clean,na,3746,4357,0.859765893964,162,23.123456790123452,27.955102742484094,13.0,5.9304,7,209,0.0074433279419699435,0.002138387181790613,0.00732629463580247,0.002365893835733164,0.00091632175,0.015553281392857143,0.06193110469319836,0.030185208931140458,0.059825811,0.030955862191800007,0.000722532,0.170298952
cs2_fdr0.15_gam1.0,7356.570632594317,37165.01593583283,zero-branch-length-collapsed_reordered.WHO_2015_final_rooted,2,0.15,1.0,kuiper,qn,post,0.0096731,0,post-clean,na,3744,4357,0.85930686252,190,19.705263157894734,28.06111006497301,11.0,7.4129999999999985,2,242,0.007113892051171356,0.0027108260216609672,0.007038804034210527,0.0029172356558893253,2e-06,0.02107026,0.06397889983419662,0.03008508957371752,0.062117434999999985,0.030166957388399987,0.000728025,0.174718152
cs8_fdr0.2_gam1.0,9006.906924341749,50123.52479840471,zero-branch-length-collapsed_reordered.WHO_2015_final_rooted,8,0.2,1.0,kuiper,qn,post,0.0096731,0,post-clean,na,3742,4357,0.858847831076,158,23.68354430379747,28.804875871666265,13.0,5.9304,8,209,0.007395613193062698,0.002242642142796993,0.00723646491772152,0.002529475614033571,0.00091632175,0.018696349127272718,0.06228835600427315,0.030365132608803625,0.06022084499999999,0.030988984958400037,0.000722532,0.17544671399999998
cs6_fdr0.05_gam1.0,7995.126987559179,39102.45908960794,zero-branch-length-collapsed_reordered.WHO_2015_final_rooted,6,0.05,1.0,kuiper,qn,post,0.0096731,0,post-clean,na,3739,4357,0.858159283911,170,21.99411764705882,26.58791313654555,13.0,7.4129999999999985,6,199,0.007194558317496958,0.002402786128635351,0.00710861283235294,0.0026621549047274352,0.00091632175,0.018696349127272725,0.06191678282777584,0.02990630263649267,0.060119347999999996,0.030308040121800012,0.000722532,0.174718152
cs7_fdr0.1_gam1.0,8397.363066731117,39504.934429838584,zero-branch-length-collapsed_reordered.WHO_2015_final_rooted,7,0.1,1.0,kuiper,qn,post,0.0096731,0,post-clean,na,3735,4357,0.857241221024,161,23.198757763975163,28.74474297062343,12.0,5.9304,7,205,0.0073572278872900704,0.002269028456563267,0.007227279667701862,0.0024941484216163983,0.00091632175,0.015553281392857143,0.06219199773571429,0.030103551956555112,0.06017435899999999,0.03050662772009998,0.000722532,0.177647112
cs8_fdr0.15_gam1.0,8161.63904444303,41951.26588702143,zero-branch-length-collapsed_reordered.WHO_2015_final_rooted,8,0.15,1.0,kuiper,qn,post,0.0096731,0,post-clean,na,3735,4357,0.857241221024,161,23.198757763975163,27.72291919057596,13.0,5.9304,8,209,0.0073805030550590355,0.0022139256179127273,0.007228187201863355,0.002505071925438221,0.00091632175,0.018696349127272718,0.06239884888850933,0.03052002477647088,0.060229918999999986,0.031432135580999984,0.000722532,0.17544671399999998
cs4_fdr0.05_gam1.0,7492.181657101885,37890.43584406338,zero-branch-length-collapsed_reordered.WHO_2015_final_rooted,4,0.05,1.0,kuiper,qn,post,0.0096731,0,post-clean,na,3731,4357,0.856323158136,173,21.566473988439302,28.728934198284797,12.0,7.4129999999999985,4,240,0.007117345314412534,0.0025072154510869023,0.007058365768786128,0.0027768163830120514,2e-06,0.018696349127272725,0.0622475397398844,0.029898952477664918,0.060251880999999986,0.030369712575300037,0.000722532,0.17544671399999998
cs3_fdr0.05_gam1.0,6976.561916288805,40953.10652981981,zero-branch-length-collapsed_reordered.WHO_2015_final_rooted,3,0.05,1.0,kuiper,qn,post,0.0096731,0,post-clean,na,3721,4357,0.854028000918,175,21.262857142857143,30.5264073142248,12.0,7.4129999999999985,3,246,0.007240064839713381,0.002576049035599495,0.0071784556285714295,0.002958019513477386,2e-06,0.018696349127272725,0.06282957066233169,0.030072322803061192,0.060947645999999994,0.030506607705000018,0.000722532,0.174718152
cs2_fdr0.1_gam1.0,7964.995501709057,59660.07014218327,zero-branch-length-collapsed_reordered.WHO_2015_final_rooted,2,0.1,1.0,kuiper,qn,post,0.0096731,0,post-clean,na,3718,4357,0.853339453753,185,20.097297297297303,31.904089339279732,11.0,7.4129999999999985,2,273,0.007096386974682793,0.0027061662795194183,0.007001976867567567,0.002936816949611284,2e-06,0.02107026,0.06463694257367801,0.030473554049513806,0.0625117855,0.030827194009499986,0.000722532,0.170298952
cs7_fdr0.05_gam1.0,8579.848978399477,40027.90036059837,zero-branch-length-collapsed_reordered.WHO_2015_final_rooted,7,0.05,1.0,kuiper,qn,post,0.0096731,0,post-clean,na,3710,4357,0.851503327978,157,23.630573248407647,27.96501629192698,14.0,7.4129999999999985,7,199,0.0073685010516931345,0.0022342839664551933,0.0072538551496815285,0.0024597640261603253,0.00091632175,0.015553281392857143,0.061437015315858226,0.029960400475277957,0.05942706099999999,0.030431295331499988,0.000722532,0.170298952
cs9_fdr0.15_gam1.0,6982.33125213727,28169.70235860475,zero-branch-length-collapsed_reordered.WHO_2015_final_rooted,9,0.15,1.0,kuiper,qn,post,0.0096731,0,post-clean,na,3710,4357,0.851503327978,151,24.569536423841058,25.82699103232245,14.0,5.9304,9,206,0.0075299556472248575,0.002152419578696364,0.007362362735099337,0.0023835156065375425,0.0010962334444444444,0.017808445066666668,0.060813025994525385,0.029805695189436238,0.05876845799999999,0.030468838470000006,0.000722532,0.17544671399999998
cs9_fdr0.2_gam1.0,7032.954975002755,28809.105001919655,zero-branch-length-collapsed_reordered.WHO_2015_final_rooted,9,0.2,1.0,kuiper,qn,post,0.0096731,0,post-clean,na,3700,4357,0.8492081707600001,151,24.503311258278146,25.39287936205357,15.0,7.4129999999999985,9,206,0.007471590180722363,0.0019438372479645702,0.00730295503642384,0.0022384855672405697,0.0010962334444444444,0.015864551555555554,0.061482846437262685,0.03022528856460477,0.059418194,0.03091839244199998,0.000722532,0.17544671399999998
cs8_fdr0.1_gam1.0,8065.605329374499,36678.28606141409,zero-branch-length-collapsed_reordered.WHO_2015_final_rooted,8,0.1,1.0,kuiper,qn,post,0.0096731,0,post-clean,na,3698,4357,0.848749139316,155,23.858064516129037,28.17511076037585,14.0,7.4129999999999985,8,205,0.0073497811783235,0.0019735690351858613,0.007169000622580645,0.002256998018473678,0.00091632175,0.015553281392857143,0.0624377968385421,0.0303171532191017,0.060273772000000024,0.030730324632000032,0.000722532,0.173254435
cs9_fdr0.1_gam1.0,7237.9518607903365,29341.578629920416,zero-branch-length-collapsed_reordered.WHO_2015_final_rooted,9,0.1,1.0,kuiper,qn,post,0.0096731,0,post-clean,na,3694,4357,0.847831076429,150,24.626666666666665,26.218633331673878,14.5,6.6717,9,202,0.0075493501258066765,0.0021217682371614285,0.007351186683333331,0.002326812645504246,0.0010962334444444444,0.017808445066666668,0.0611789491144519,0.030145777012529983,0.05889863999999999,0.030731111892599975,0.000722532,0.17544671399999998
cs8_fdr0.05_gam1.0,8504.01660587533,39996.10564943976,zero-branch-length-collapsed_reordered.WHO_2015_final_rooted,8,0.05,1.0,kuiper,qn,post,0.0096731,0,post-clean,na,3680,4357,0.844617856323,153,24.052287581699343,27.75593602932751,14.0,7.4129999999999985,8,199,0.007490543209166878,0.002236180737641179,0.00733196701633987,0.002546539655169747,0.00091632175,0.018696349127272718,0.061979177247850015,0.030526479574917262,0.0597612585,0.0309222420129,0.000722532,0.17837567399999998
cs2_fdr0.05_gam1.0,6949.73459645184,39704.86924008912,zero-branch-length-collapsed_reordered.WHO_2015_final_rooted,2,0.05,1.0,kuiper,qn,post,0.0096731,0,post-clean,na,3673,4357,0.84301124627,175,20.98857142857143,31.099947993346127,12.0,7.4129999999999985,2,246,0.007226596137497195,0.002425430939620892,0.0071092283457142875,0.0026475364222121114,2e-06,0.015553281392857143,0.06379439525293926,0.030243787602457505,0.06182965,0.030732263872800012,0.000722532,0.170298952
cs9_fdr0.05_gam1.0,8906.754460742393,47032.47863299653,zero-branch-length-collapsed_reordered.WHO_2015_final_rooted,9,0.05,1.0,kuiper,qn,post,0.0096731,0,post-clean,na,3655,4357,0.838879963277,146,25.034246575342465,28.31824424314903,14.5,6.6717,9,196,0.0075110256637526155,0.001951435773718577,0.007318781208904109,0.0021454978406845004,0.0010962334444444444,0.017808445066666668,0.061785591336136036,0.030315691488523762,0.059522587,0.0305697012306,0.000722532,0.17837567399999998
cs10_fdr0.2_gam1.0,7421.689918269938,29101.646129331068,zero-branch-length-collapsed_reordered.WHO_2015_final_rooted,10,0.2,1.0,kuiper,qn,post,0.0096731,0,post-clean,na,3603,4357,0.8269451457420001,142,25.37323943661972,24.947209271269866,16.0,7.4129999999999985,10,206,0.007562379851869146,0.001985592443802236,0.007371087193661972,0.002250655893764789,0.0025508928974358968,0.017847094431372553,0.06145399582619119,0.030550082825176388,0.05934262000000001,0.030562578820200005,0.000722532,0.18056587699999999
cs10_fdr0.15_gam1.0,6788.027314653738,25091.22598924976,zero-branch-length-collapsed_reordered.WHO_2015_final_rooted,10,0.15,1.0,kuiper,qn,post,0.0096731,0,post-clean,na,3594,4357,0.8248795042460001,141,25.489361702127663,25.034152963295284,16.0,7.4129999999999985,10,206,0.007524168190169052,0.00203518500813748,0.00731124153900709,0.002316879337075938,0.0025508928974358968,0.017847094431372553,0.06137020006423505,0.030680617577817263,0.059155627500000016,0.03110766041670003,0.000722532,0.18056587699999999
cs10_fdr0.05_gam1.0,9480.052616899604,50867.61226053438,zero-branch-length-collapsed_reordered.WHO_2015_final_rooted,10,0.05,1.0,kuiper,qn,post,0.0096731,0,post-clean,na,3584,4357,0.8225843470280001,133,26.947368421052627,27.93887152811925,17.0,8.8956,10,196,0.007461959036186416,0.0018387910081447648,0.00725404519924812,0.002080453815661077,0.0025508928974358968,0.012626765890909093,0.06222798713602187,0.031107658532401494,0.0597398145,0.0314784186465,0.000722413,0.18056587699999999
cs10_fdr0.1_gam1.0,7848.176290927266,35682.855624339034,zero-branch-length-collapsed_reordered.WHO_2015_final_rooted,10,0.1,1.0,kuiper,qn,post,0.0096731,0,post-clean,na,3559,4357,0.8168464539820001,138,25.78985507246377,26.354808948716894,16.0,7.4129999999999985,10,202,0.007536678258400134,0.0019783891020339122,0.007320480242753622,0.002279485244662678,0.002612831857142857,0.017847094431372553,0.06158783717846185,0.030734535054275463,0.05941134400000001,0.031132825327800005,0.000722532,0.18056587699999999
