run,average_dist,std_average_dist,Treefile,CS,FDR,MAD,Kuiper/KS,Qn/MAD,q-values,Within_cluster_limit,Solution_Index,Clean_up,Prior_taxa_clustered(%),#_of_clustered_sequences,Total_no_of_sequences,%_clustered,#_of_clusters,Mean_cluster_size,S.D.,Median_cluster_size,MAD.1,Min_cluster_size,Max_cluster_size,Grand_mean_of_mean_pwd,S.D..1,Grand_mean_of_median_pwd,S.D..2,Min_mean_pwd,Max_mean_pwd,Mean_of_inter-cluster_dist,S.D..3,Median_of_inter-cluster_dist,MAD.2,Min_inter-cluster_dist,Max_inter-cluster_dist,solver(version)
cs4_fdr0.2_gam3,28481.84534,149775.4411,zero-branch-length-collapsed_H5Nx_new_zerocollapsed,4,0.2,3,kuiper,qn,post,0.016832323,0,post-clean,na,7697,7898,0.974550519,135,57.01481481,95.14897864,23,19.2738,4,585,0.010295175,0.004108834,0.010049959,0.004534165,0.000357972,0.019602092,0.075975507,0.038094074,0.073258719,0.042321864,0.000661557,0.200087966,"gurobi_(8, 0, 1)"
cs5_fdr0.2_gam3,23572.02035,133650.0199,zero-branch-length-collapsed_H5Nx_new_zerocollapsed,5,0.2,3,kuiper,qn,post,0.016832323,0,post-clean,na,7685,7898,0.973031147,138,55.6884058,93.58167522,20.5,18.5325,5,571,0.010301682,0.004239993,0.010177466,0.004600342,2.00E-06,0.019602092,0.077220663,0.038644491,0.075241545,0.043104258,0.000207054,0.199731571,"gurobi_(8, 0, 1)"
cs6_fdr0.2_gam3,25962.44285,140884.9322,zero-branch-length-collapsed_H5Nx_new_zerocollapsed,6,0.2,3,kuiper,qn,post,0.016832323,0,post-clean,na,7680,7898,0.972398075,133,57.7443609,97.32378436,24,20.7564,6,598,0.010427885,0.003925683,0.010293309,0.004542666,0.000357972,0.018051724,0.076220921,0.038464393,0.074324301,0.042760748,0.000125274,0.202400559,"gurobi_(8, 0, 1)"
cs3_fdr0.1_gam3,22955.53159,135283.3673,zero-branch-length-collapsed_H5Nx_new_zerocollapsed,3,0.1,3,kuiper,qn,post,0.016832323,0,post-clean,na,7670,7898,0.971131932,145,52.89655172,92.36707597,25,22.239,3,615,0.010222123,0.004060253,0.010157976,0.00442834,2.00E-06,0.018494553,0.079545394,0.039790118,0.078011454,0.044087439,0.000634749,0.218587632,"gurobi_(8, 0, 1)"
cs6_fdr0.1_gam3,24737.69165,137345.3011,zero-branch-length-collapsed_H5Nx_new_zerocollapsed,6,0.1,3,kuiper,qn,post,0.016832323,0,post-clean,na,7668,7898,0.970878703,140,54.77142857,91.71847314,21.5,17.0499,6,585,0.010171251,0.004286108,0.010037973,0.004725369,0.000357972,0.024410144,0.079430795,0.039647365,0.077922185,0.044602359,0.000659661,0.201732931,"gurobi_(8, 0, 1)"
cs6_fdr0.05_gam3,24463.35969,142716.4773,zero-branch-length-collapsed_H5Nx_new_zerocollapsed,6,0.05,3,kuiper,qn,post,0.016832323,0,post-clean,na,7664,7898,0.970372246,139,55.13669065,86.31709333,24,20.7564,6,613,0.010006486,0.004288543,0.009862563,0.004699679,0.000357972,0.017932776,0.079299284,0.039547423,0.077847568,0.044835943,0.00066181,0.202795122,"gurobi_(8, 0, 1)"
cs3_fdr0.15_gam3,22620.19016,129321.6472,zero-branch-length-collapsed_H5Nx_new_zerocollapsed,3,0.15,3,kuiper,qn,post,0.016832323,0,post-clean,na,7662,7898,0.970119017,149,51.42281879,87.19233022,23,19.2738,3,588,0.010130562,0.004345448,0.009878374,0.004605998,2.00E-06,0.02566419,0.076703157,0.037456636,0.074747478,0.041155623,0.000634749,0.201732931,"gurobi_(8, 0, 1)"
cs3_fdr0.05_gam3,23542.42132,144108.8983,zero-branch-length-collapsed_H5Nx_new_zerocollapsed,3,0.05,3,kuiper,qn,post,0.016832323,0,post-clean,na,7661,7898,0.969992403,145,52.83448276,95.29566664,25,19.2738,3,619,0.010120255,0.004436316,0.009950889,0.004791517,2.00E-06,0.02767293,0.078999186,0.039659011,0.077402659,0.04385158,0.000634749,0.218587632,"gurobi_(8, 0, 1)"
cs6_fdr0.15_gam3,25884.50863,151559.5133,zero-branch-length-collapsed_H5Nx_new_zerocollapsed,6,0.15,3,kuiper,qn,post,0.016832323,0,post-clean,na,7659,7898,0.969739174,136,56.31617647,93.0583013,23.5,18.5325,6,612,0.010383243,0.004105653,0.010217222,0.004572519,0.000357972,0.022946522,0.077329859,0.038466034,0.075273039,0.042717564,0.000661654,0.202400559,"gurobi_(8, 0, 1)"
cs3_fdr0.2_gam3,24396.4,146812.5022,zero-branch-length-collapsed_H5Nx_new_zerocollapsed,3,0.2,3,kuiper,qn,post,0.016832323,0,post-clean,na,7658,7898,0.96961256,148,51.74324324,88.45592481,21,19.2738,3,615,0.010151827,0.003973507,0.0099503,0.004453167,2.00E-06,0.018494553,0.07717465,0.038211062,0.075961093,0.042180384,0.00066181,0.1970984,"gurobi_(8, 0, 1)"
cs5_fdr0.1_gam3,24154.48821,139936.4977,zero-branch-length-collapsed_H5Nx_new_zerocollapsed,5,0.1,3,kuiper,qn,post,0.016832323,0,post-clean,na,7658,7898,0.96961256,139,55.09352518,94.97557978,23,22.239,5,588,0.010323321,0.004217747,0.010181137,0.004652615,2.00E-06,0.025029651,0.077752889,0.038647738,0.075864636,0.042939921,0.000661654,0.19843141,"gurobi_(8, 0, 1)"
cs7_fdr0.05_gam3,26819.40295,153122.7278,zero-branch-length-collapsed_H5Nx_new_zerocollapsed,7,0.05,3,kuiper,qn,post,0.016832323,0,post-clean,na,7656,7898,0.969359331,128,59.8125,100.8459299,25.5,20.0151,7,627,0.010380263,0.00398067,0.010263962,0.004382158,0.002475987,0.018051724,0.077884777,0.039582854,0.076011076,0.044518943,0.00066181,0.202795122,"gurobi_(8, 0, 1)"
cs8_fdr0.1_gam3,25748.90816,151807.2278,zero-branch-length-collapsed_H5Nx_new_zerocollapsed,8,0.1,3,kuiper,qn,post,0.016832323,0,post-clean,na,7647,7898,0.968219802,135,56.64444444,88.22321306,25,19.2738,8,617,0.010080741,0.004020621,0.009657178,0.004346206,0.00141036,0.017499063,0.076203435,0.038154455,0.073508977,0.043177789,0.00066181,0.199426252,"gurobi_(8, 0, 1)"
cs8_fdr0.05_gam3,26902.32327,165450.0395,zero-branch-length-collapsed_H5Nx_new_zerocollapsed,8,0.05,3,kuiper,qn,post,0.016832323,0,post-clean,na,7639,7898,0.967206888,133,57.43609023,98.62565846,26,19.2738,8,627,0.010368422,0.004078035,0.010138791,0.004457621,0.002475987,0.022946522,0.07728362,0.038800968,0.075710285,0.043625005,0.000634749,0.199426252,"gurobi_(8, 0, 1)"
cs7_fdr0.1_gam3,24259.80301,134411.6998,zero-branch-length-collapsed_H5Nx_new_zerocollapsed,7,0.1,3,kuiper,qn,post,0.016832323,0,post-clean,na,7638,7898,0.967080273,137,55.75182482,89.51370097,26,20.7564,7,574,0.010505434,0.004059944,0.010341995,0.00451987,0.001499322,0.024410144,0.076673343,0.038910078,0.074248559,0.043786989,0.000125274,0.202400559,"gurobi_(8, 0, 1)"
cs4_fdr0.1_gam3,20668.31573,131936.7093,zero-branch-length-collapsed_H5Nx_new_zerocollapsed,4,0.1,3,kuiper,qn,post,0.016832323,0,post-clean,na,7636,7898,0.966827045,154,49.58441558,88.41159695,23,19.2738,4,567,0.009759112,0.004054996,0.009642901,0.004541643,2.00E-06,0.019602092,0.077468898,0.038620249,0.075735409,0.042676468,0.000207054,0.202400559,"gurobi_(8, 0, 1)"
cs4_fdr0.05_gam3,26499.83532,143863.543,zero-branch-length-collapsed_H5Nx_new_zerocollapsed,4,0.05,3,kuiper,qn,post,0.016832323,0,post-clean,na,7636,7898,0.966827045,139,54.9352518,88.62412148,24,20.7564,4,583,0.0100984,0.004530576,0.009998747,0.004890043,2.00E-06,0.022307594,0.08151499,0.03973326,0.080756857,0.044570883,0.00066181,0.204123292,"gurobi_(8, 0, 1)"
cs7_fdr0.15_gam3,28374.95408,155694.7259,zero-branch-length-collapsed_H5Nx_new_zerocollapsed,7,0.15,3,kuiper,qn,post,0.016832323,0,post-clean,na,7633,7898,0.966447202,136,56.125,89.38202964,23.5,17.0499,7,544,0.010482043,0.004058024,0.010316134,0.004572239,0.001826284,0.021567761,0.077684467,0.039611885,0.075998992,0.045203728,0.000627458,0.202400559,"gurobi_(8, 0, 1)"
cs4_fdr0.15_gam3,22974.83981,134413.7691,zero-branch-length-collapsed_H5Nx_new_zerocollapsed,4,0.15,3,kuiper,qn,post,0.016832323,0,post-clean,na,7632,7898,0.966320587,156,48.92307692,79.86428314,21,19.2738,4,588,0.009490827,0.004247447,0.009333727,0.004423899,2.00E-06,0.016909282,0.08361921,0.040400339,0.082809366,0.045089636,0.000659661,0.201138259,"gurobi_(8, 0, 1)"
cs5_fdr0.05_gam3,27463.81414,154271.102,zero-branch-length-collapsed_H5Nx_new_zerocollapsed,5,0.05,3,kuiper,qn,post,0.016832323,0,post-clean,na,7631,7898,0.966193973,136,56.11029412,95.16377095,22.5,18.5325,5,619,0.010260608,0.004161491,0.010031485,0.004622221,0.000357972,0.019602092,0.080167364,0.0400518,0.079361528,0.045607149,0.00066181,0.202795122,"gurobi_(8, 0, 1)"
cs5_fdr0.15_gam3,26733.80226,145613.9451,zero-branch-length-collapsed_H5Nx_new_zerocollapsed,5,0.15,3,kuiper,qn,post,0.016832323,0,post-clean,na,7628,7898,0.96581413,142,53.71830986,85.72985496,21,16.3086,5,588,0.0100816,0.004106368,0.00983611,0.004371381,2.00E-06,0.016582628,0.076093598,0.038963052,0.073682795,0.043650708,0.000645671,0.197801628,"gurobi_(8, 0, 1)"
cs10_fdr0.2_gam3,29086.73875,160772.5789,zero-branch-length-collapsed_H5Nx_new_zerocollapsed,10,0.2,3,kuiper,qn,post,0.016832323,0,post-clean,na,7624,7898,0.965307673,130,58.64615385,92.05103586,28,22.239,10,596,0.010185599,0.003995637,0.009750528,0.004284278,0.00197212,0.020198257,0.077784138,0.039050979,0.076530769,0.044719477,0.000634749,0.198762956,"gurobi_(8, 0, 1)"
cs8_fdr0.2_gam3,27829.16236,158367.4275,zero-branch-length-collapsed_H5Nx_new_zerocollapsed,8,0.2,3,kuiper,qn,post,0.016832323,0,post-clean,na,7620,7898,0.964801215,131,58.16793893,94.79087531,27,22.239,8,599,0.010638198,0.003922407,0.010458074,0.004352417,0.002475987,0.022315865,0.076683951,0.038398804,0.07516394,0.043018699,0.00066181,0.199031689,"gurobi_(8, 0, 1)"
cs2_fdr0.2_gam3,19671.71314,125444.6328,zero-branch-length-collapsed_H5Nx_new_zerocollapsed,2,0.2,3,kuiper,qn,post,0.016832323,0,post-clean,na,7619,7898,0.964674601,162,47.0308642,78.24768945,24,21.4977,2,582,0.009805661,0.00452568,0.009568821,0.004821168,2.00E-06,0.02767293,0.083935462,0.041200848,0.083573622,0.046140743,0.00066181,0.215880476,"gurobi_(8, 0, 1)"
cs7_fdr0.2_gam3,24194.05751,136901.9719,zero-branch-length-collapsed_H5Nx_new_zerocollapsed,7,0.2,3,kuiper,qn,post,0.016832323,0,post-clean,na,7618,7898,0.964547987,141,54.02836879,82.69228184,24,19.2738,7,557,0.010167846,0.003909335,0.009985109,0.004396191,0.001384577,0.018051724,0.078015382,0.039705578,0.075943224,0.044971348,0.00066181,0.199418052,"gurobi_(8, 0, 1)"
cs9_fdr0.2_gam3,28811.18185,150255.268,zero-branch-length-collapsed_H5Nx_new_zerocollapsed,9,0.2,3,kuiper,qn,post,0.016832323,0,post-clean,na,7616,7898,0.964294758,129,59.03875969,91.37443597,26,20.7564,9,536,0.010284482,0.004024888,0.009967373,0.004240059,0.00254174,0.019970168,0.076654746,0.038467036,0.075296485,0.043533939,0.00066181,0.198762956,"gurobi_(8, 0, 1)"
cs10_fdr0.15_gam3,28896.85186,161140.1213,zero-branch-length-collapsed_H5Nx_new_zerocollapsed,10,0.15,3,kuiper,qn,post,0.016832323,0,post-clean,na,7609,7898,0.963408458,127,59.91338583,92.25207217,28,23.7216,10,614,0.010318874,0.004055234,0.010013154,0.00430276,0.00197212,0.019970168,0.078888364,0.039175131,0.077966646,0.04448728,0.000627458,0.198762956,"gurobi_(8, 0, 1)"
cs2_fdr0.15_gam3,19117.8206,93997.94119,zero-branch-length-collapsed_H5Nx_new_zerocollapsed,2,0.15,3,kuiper,qn,post,0.016832323,0,post-clean,na,7607,7898,0.963155229,164,46.38414634,70.60070034,22,18.5325,2,546,0.009637953,0.004395222,0.009518503,0.004825974,2.00E-06,0.021335507,0.084145994,0.041211972,0.08320094,0.045754488,0.00066181,0.222616083,"gurobi_(8, 0, 1)"
cs9_fdr0.1_gam3,26212.56649,148356.9103,zero-branch-length-collapsed_H5Nx_new_zerocollapsed,9,0.1,3,kuiper,qn,post,0.016832323,0,post-clean,na,7606,7898,0.963028615,129,58.96124031,90.8932584,29,22.239,9,593,0.01024905,0.004110165,0.009930529,0.004246808,0.002142253,0.018051724,0.077104313,0.038906302,0.075156741,0.044011572,0.00066181,0.202780507,"gurobi_(8, 0, 1)"
cs9_fdr0.15_gam3,25349.64677,105443.4834,zero-branch-length-collapsed_H5Nx_new_zerocollapsed,9,0.15,3,kuiper,qn,post,0.016832323,0,post-clean,na,7606,7898,0.963028615,132,57.62121212,85.35847448,27.5,21.4977,9,502,0.010294755,0.003937834,0.009944322,0.00419438,0.00141036,0.019970168,0.07641606,0.038826789,0.075026093,0.043937114,0.00066181,0.198762956,"gurobi_(8, 0, 1)"
cs8_fdr0.15_gam3,27713.20555,157615.566,zero-branch-length-collapsed_H5Nx_new_zerocollapsed,8,0.15,3,kuiper,qn,post,0.016832323,0,post-clean,na,7601,7898,0.962395543,134,56.7238806,88.10019858,27,22.239,8,592,0.010341741,0.004010916,0.010053172,0.004423388,0.002127911,0.021567761,0.079593584,0.039248612,0.07888344,0.044838097,0.000634749,0.199031689,"gurobi_(8, 0, 1)"
cs10_fdr0.05_gam3,30517.099,171599.5441,zero-branch-length-collapsed_H5Nx_new_zerocollapsed,10,0.05,3,kuiper,qn,post,0.016832323,0,post-clean,na,7591,7898,0.9611294,127,59.77165354,96.22305345,29,23.7216,10,612,0.010425849,0.00416377,0.010166439,0.004385089,0.00197212,0.021567761,0.076672784,0.038518344,0.075469093,0.043600021,0.000627458,0.198762956,"gurobi_(8, 0, 1)"
cs9_fdr0.05_gam3,27392.32148,154511.5998,zero-branch-length-collapsed_H5Nx_new_zerocollapsed,9,0.05,3,kuiper,qn,post,0.016832323,0,post-clean,na,7590,7898,0.961002786,123,61.70731707,96.10050508,31,23.7216,9,606,0.010429828,0.003974475,0.010182176,0.004272618,0.00254174,0.018576007,0.077616104,0.038770886,0.076295497,0.044704172,0.00066181,0.198762956,"gurobi_(8, 0, 1)"
cs2_fdr0.05_gam3,20198.11369,95018.88127,zero-branch-length-collapsed_H5Nx_new_zerocollapsed,2,0.05,3,kuiper,qn,post,0.016832323,0,post-clean,na,7560,7898,0.957204356,151,50.06622517,78.81494519,23,17.7912,2,558,0.009897123,0.004299825,0.009575168,0.00466058,2.00E-06,0.021567761,0.078816797,0.039310887,0.078401264,0.044850874,0.00066181,0.205484766,"gurobi_(8, 0, 1)"
cs2_fdr0.1_gam3,15690.32417,74429.58798,zero-branch-length-collapsed_H5Nx_new_zerocollapsed,2,0.1,3,kuiper,qn,post,0.016832323,0,post-clean,na,7555,7898,0.956571284,175,43.17142857,62.01616665,23,17.7912,2,491,0.009082344,0.004376519,0.008860348,0.004746341,2.00E-06,0.025029651,0.084986872,0.041584875,0.085319204,0.046392035,0.00066181,0.222616083,"gurobi_(8, 0, 1)"
cs10_fdr0.1_gam3,23663.60571,137573.5866,zero-branch-length-collapsed_H5Nx_new_zerocollapsed,10,0.1,3,kuiper,qn,post,0.016832323,0,post-clean,na,7555,7898,0.956571284,132,57.23484848,88.02748182,30,25.2042,10,612,0.010098176,0.004196447,0.009768867,0.004478824,0.00197212,0.021567761,0.07687888,0.038807105,0.07481782,0.04439693,0.00066181,0.199031689,"gurobi_(8, 0, 1)"
cs4_fdr0.15_gam2,12864.55175,60370.59043,zero-branch-length-collapsed_H5Nx_new_zerocollapsed,4,0.15,2,kuiper,qn,post,0.012251756,0,post-clean,na,7458,7898,0.944289694,206,36.2038835,62.75657334,17,14.826,4,484,0.008003908,0.003347139,0.007874844,0.003794066,0.000357972,0.026252043,0.081665615,0.039702599,0.080895098,0.045448993,0.000125274,0.213779516,"gurobi_(8, 0, 1)"
cs3_fdr0.2_gam2,12635.923,59439.0507,zero-branch-length-collapsed_H5Nx_new_zerocollapsed,3,0.2,2,kuiper,qn,post,0.012251756,0,post-clean,na,7439,7898,0.941884021,196,37.95408163,64.7448874,18,15.5673,3,509,0.007960206,0.003111485,0.007732008,0.003285531,2.00E-06,0.014975316,0.082626648,0.040703931,0.081857069,0.045986214,0.000661557,0.216046571,"gurobi_(8, 0, 1)"
cs5_fdr0.2_gam2,13527.45098,61288.0622,zero-branch-length-collapsed_H5Nx_new_zerocollapsed,5,0.2,2,kuiper,qn,post,0.012251756,0,post-clean,na,7436,7898,0.941504178,189,39.34391534,66.57896629,17,13.3434,5,540,0.008237452,0.00331593,0.007919877,0.003562423,0.000357972,0.026734267,0.079631972,0.038987941,0.078886173,0.044420721,0.000661557,0.199701192,"gurobi_(8, 0, 1)"
cs4_fdr0.2_gam2,13677.40904,63231.49467,zero-branch-length-collapsed_H5Nx_new_zerocollapsed,4,0.2,2,kuiper,qn,post,0.012251756,0,post-clean,na,7431,7898,0.940871107,196,37.91326531,66.38672734,17,13.3434,4,535,0.007852807,0.003305834,0.007612452,0.00345585,0.000357972,0.016480095,0.081609853,0.039669736,0.080157005,0.044744142,0.000662508,0.213779516,"gurobi_(8, 0, 1)"
cs3_fdr0.15_gam2,14465.79709,89182.56615,zero-branch-length-collapsed_H5Nx_new_zerocollapsed,3,0.15,2,kuiper,qn,post,0.012251756,0,post-clean,na,7430,7898,0.940744492,192,38.69791667,71.42559117,17,13.3434,3,535,0.008190907,0.003577107,0.008143209,0.004105294,2.00E-06,0.026252043,0.080675805,0.039203775,0.079120319,0.043751559,0.000661654,0.216046571,"gurobi_(8, 0, 1)"
cs4_fdr0.1_gam2,15008.83358,71740.5625,zero-branch-length-collapsed_H5Nx_new_zerocollapsed,4,0.1,2,kuiper,qn,post,0.012251756,0,post-clean,na,7421,7898,0.939604963,186,39.89784946,65.72288503,18.5,15.5673,4,502,0.008159774,0.003160609,0.007993695,0.003656962,0.000357972,0.022950025,0.080982166,0.039657293,0.079632644,0.04487332,0.000661557,0.213779516,"gurobi_(8, 0, 1)"
cs5_fdr0.15_gam2,15415.37842,77395.60798,zero-branch-length-collapsed_H5Nx_new_zerocollapsed,5,0.15,2,kuiper,qn,post,0.012251756,0,post-clean,na,7416,7898,0.938971892,184,40.30434783,69.16737269,17,13.3434,5,538,0.00843669,0.003769484,0.008196352,0.00409556,0.000357972,0.026252043,0.079786782,0.038796104,0.079390665,0.044251026,0.000661557,0.199033564,"gurobi_(8, 0, 1)"
cs6_fdr0.15_gam2,14798.23445,63375.82996,zero-branch-length-collapsed_H5Nx_new_zerocollapsed,6,0.15,2,kuiper,qn,post,0.012251756,0,post-clean,na,7415,7898,0.938845277,176,42.13068182,68.37769036,20,14.826,6,533,0.008182312,0.003286377,0.007926966,0.00359134,0.000357972,0.025632427,0.079310881,0.03906155,0.079073877,0.044911719,0.000661557,0.176849552,"gurobi_(8, 0, 1)"
cs7_fdr0.15_gam2,14818.24882,64047.20426,zero-branch-length-collapsed_H5Nx_new_zerocollapsed,7,0.15,2,kuiper,qn,post,0.012251756,0,post-clean,na,7413,7898,0.938592049,177,41.88135593,69.26466486,19,13.3434,7,540,0.00822437,0.003061897,0.008045717,0.003377052,0.000811033,0.022173076,0.075778946,0.038120655,0.073894714,0.043082658,0.000661557,0.173762686,"gurobi_(8, 0, 1)"
cs7_fdr0.2_gam2,13844.35025,70220.31197,zero-branch-length-collapsed_H5Nx_new_zerocollapsed,7,0.2,2,kuiper,qn,post,0.012251756,0,post-clean,na,7391,7898,0.935806533,179,41.29050279,71.02369022,19,13.3434,7,537,0.008141348,0.00273189,0.007877643,0.003015646,0.001075616,0.01369702,0.077811023,0.038443934,0.076603723,0.043933735,0.000662508,0.168014304,"gurobi_(8, 0, 1)"
cs4_fdr0.05_gam2,15498.29789,81753.77131,zero-branch-length-collapsed_H5Nx_new_zerocollapsed,4,0.05,2,kuiper,qn,post,0.012251756,0,post-clean,na,7391,7898,0.935806533,174,42.47701149,76.32397513,19,16.3086,4,593,0.008271311,0.003614652,0.007993785,0.003881825,2.00E-06,0.026252043,0.080610846,0.039083921,0.079374542,0.044492956,0.00066181,0.203418165,"gurobi_(8, 0, 1)"
cs7_fdr0.1_gam2,15036.53531,79010.08857,zero-branch-length-collapsed_H5Nx_new_zerocollapsed,7,0.1,2,kuiper,qn,post,0.012251756,0,post-clean,na,7390,7898,0.935679919,182,40.6043956,64.54179837,21,16.3086,7,521,0.00806456,0.003118528,0.007818199,0.003263479,0.000394924,0.02218679,0.079751272,0.039325126,0.0790957,0.045614405,0.000661557,0.17106023,"gurobi_(8, 0, 1)"
cs8_fdr0.2_gam2,13293.65177,68725.17735,zero-branch-length-collapsed_H5Nx_new_zerocollapsed,8,0.2,2,kuiper,qn,post,0.012251756,0,post-clean,na,7387,7898,0.935300076,184,40.14673913,61.39876995,20,14.826,8,487,0.007977408,0.00297678,0.007745111,0.003255573,0.001075616,0.014791613,0.079174147,0.038922594,0.078011368,0.044986445,0.000661557,0.170064781,"gurobi_(8, 0, 1)"
cs2_fdr0.15_gam2,12047.77021,70119.65488,zero-branch-length-collapsed_H5Nx_new_zerocollapsed,2,0.15,2,kuiper,qn,post,0.012251756,0,post-clean,na,7382,7898,0.934667004,193,38.24870466,70.41018445,19,17.7912,2,588,0.008022798,0.003252658,0.007860595,0.003550739,2.00E-06,0.01897258,0.08040384,0.039459856,0.079788472,0.04527819,0.000634749,0.203418165,"gurobi_(8, 0, 1)"
cs6_fdr0.05_gam2,14900.27746,76986.5975,zero-branch-length-collapsed_H5Nx_new_zerocollapsed,6,0.05,2,kuiper,qn,post,0.012251756,0,post-clean,na,7378,7898,0.934160547,185,39.88108108,68.57594108,20,13.3434,6,553,0.007766486,0.003028641,0.007525678,0.003305396,0.000357972,0.014020579,0.07955493,0.039428301,0.077891037,0.045696548,0.000661557,0.1781857,"gurobi_(8, 0, 1)"
cs3_fdr0.1_gam2,13873.27334,76802.84295,zero-branch-length-collapsed_H5Nx_new_zerocollapsed,3,0.1,2,kuiper,qn,post,0.012251756,0,post-clean,na,7375,7898,0.933780704,188,39.2287234,71.83385334,17,14.826,3,588,0.008065655,0.003406215,0.007901067,0.003693625,2.00E-06,0.024654847,0.081722747,0.039705621,0.08121022,0.044563239,0.000661557,0.222579545,"gurobi_(8, 0, 1)"
cs5_fdr0.05_gam2,13392.95779,75605.01502,zero-branch-length-collapsed_H5Nx_new_zerocollapsed,5,0.05,2,kuiper,qn,post,0.012251756,0,post-clean,na,7374,7898,0.93365409,185,39.85945946,73.14601039,18,14.826,5,588,0.007863586,0.003547867,0.007572658,0.003752864,2.00E-06,0.026252043,0.07855666,0.038317686,0.077098876,0.043839733,0.00066181,0.184218535,"gurobi_(8, 0, 1)"
cs2_fdr0.2_gam2,13822.82447,69280.72204,zero-branch-length-collapsed_H5Nx_new_zerocollapsed,2,0.2,2,kuiper,qn,post,0.012251756,0,post-clean,na,7361,7898,0.932008103,196,37.55612245,64.02332839,17,14.826,2,492,0.007967182,0.003458838,0.007847672,0.003788238,2.00E-06,0.024654847,0.081308205,0.039520515,0.080278048,0.044596151,0.000634749,0.215256976,"gurobi_(8, 0, 1)"
cs6_fdr0.1_gam2,16058.74444,80778.5342,zero-branch-length-collapsed_H5Nx_new_zerocollapsed,6,0.1,2,kuiper,qn,post,0.012251756,0,post-clean,na,7357,7898,0.931501646,188,39.13297872,64.5532436,18,13.3434,6,507,0.007848396,0.003343207,0.007658916,0.003714278,2.00E-06,0.02218679,0.081209482,0.03951977,0.0805215,0.04559796,0.000661557,0.183590437,"gurobi_(8, 0, 1)"
cs3_fdr0.05_gam2,13920.4787,78579.97994,zero-branch-length-collapsed_H5Nx_new_zerocollapsed,3,0.05,2,kuiper,qn,post,0.012251756,0,post-clean,na,7356,7898,0.931375032,187,39.3368984,71.11333433,19,16.3086,3,593,0.008108691,0.003327755,0.007877957,0.003545664,2.00E-06,0.024654847,0.081438532,0.039439527,0.081143943,0.044886833,0.000658169,0.203418165,"gurobi_(8, 0, 1)"
cs5_fdr0.1_gam2,12809.41054,60078.39382,zero-branch-length-collapsed_H5Nx_new_zerocollapsed,5,0.1,2,kuiper,qn,post,0.012251756,0,post-clean,na,7355,7898,0.931248417,195,37.71794872,62.23664048,17,13.3434,5,461,0.008030364,0.003642171,0.007936908,0.004207759,2.00E-06,0.026252043,0.079596743,0.038843379,0.078500557,0.04382711,0.000661557,0.197388599,"gurobi_(8, 0, 1)"
cs8_fdr0.1_gam2,16071.99599,80596.32813,zero-branch-length-collapsed_H5Nx_new_zerocollapsed,8,0.1,2,kuiper,qn,post,0.012251756,0,post-clean,na,7355,7898,0.931248417,169,43.52071006,72.81410518,21,14.826,8,553,0.008184919,0.002967608,0.007892879,0.003220799,0.001075616,0.014791613,0.078193123,0.039147629,0.076525481,0.045527166,0.000661557,0.170728077,"gurobi_(8, 0, 1)"
cs8_fdr0.15_gam2,17677.46864,83569.47874,zero-branch-length-collapsed_H5Nx_new_zerocollapsed,8,0.15,2,kuiper,qn,post,0.012251756,0,post-clean,na,7355,7898,0.931248417,170,43.26470588,69.97907922,19.5,14.0847,8,507,0.008377128,0.003342144,0.008173128,0.003683259,0.001075616,0.02566419,0.078271188,0.038734412,0.07721045,0.044842989,0.000666446,0.170728077,"gurobi_(8, 0, 1)"
cs8_fdr0.05_gam2,14920.55962,71557.88248,zero-branch-length-collapsed_H5Nx_new_zerocollapsed,8,0.05,2,kuiper,qn,post,0.012251756,0,post-clean,na,7348,7898,0.930362117,173,42.47398844,70.1340549,22,16.3086,8,539,0.008084296,0.002927178,0.007817477,0.003233955,0.001075616,0.014791613,0.078072429,0.039145677,0.076870234,0.045785234,0.000663188,0.17744486,"gurobi_(8, 0, 1)"
cs2_fdr0.1_gam2,14325.98442,74432.91695,zero-branch-length-collapsed_H5Nx_new_zerocollapsed,2,0.1,2,kuiper,qn,post,0.012251756,0,post-clean,na,7338,7898,0.929095974,190,38.62105263,69.53704489,19,15.5673,2,546,0.008248602,0.003328202,0.008106237,0.003671656,0.000451045,0.02531701,0.082409628,0.039734276,0.082606882,0.045212876,0.000634749,0.196719096,"gurobi_(8, 0, 1)"
cs7_fdr0.05_gam2,15442.034,76386.92454,zero-branch-length-collapsed_H5Nx_new_zerocollapsed,7,0.05,2,kuiper,qn,post,0.012251756,0,post-clean,na,7333,7898,0.928462902,176,41.66477273,67.81433568,21,16.3086,7,542,0.007994899,0.003324713,0.007675169,0.003647352,2.00E-06,0.025632427,0.080108526,0.039788957,0.079132664,0.046636305,0.000663751,0.174756528,"gurobi_(8, 0, 1)"
cs10_fdr0.1_gam2,13583.42477,59949.11942,zero-branch-length-collapsed_H5Nx_new_zerocollapsed,10,0.1,2,kuiper,qn,post,0.012251756,0,post-clean,na,7317,7898,0.926437073,176,41.57386364,59.61471725,22,14.826,10,501,0.008020562,0.003081581,0.007770458,0.003334557,2.00E-06,0.014617032,0.081209287,0.040078052,0.080560807,0.046978532,0.000661557,0.174756528,"gurobi_(8, 0, 1)"
cs2_fdr0.05_gam2,11777.58133,74282.94988,zero-branch-length-collapsed_H5Nx_new_zerocollapsed,2,0.05,2,kuiper,qn,post,0.012251756,0,post-clean,na,7313,7898,0.925930615,199,36.74874372,69.11414352,18,14.826,2,523,0.007945558,0.003202119,0.007959233,0.003710445,0.000823864,0.021335507,0.079813034,0.038662815,0.079282181,0.044022305,0.000634749,0.198364061,"gurobi_(8, 0, 1)"
cs9_fdr0.2_gam2,16199.64789,81888.66144,zero-branch-length-collapsed_H5Nx_new_zerocollapsed,9,0.2,2,kuiper,qn,post,0.012251756,0,post-clean,na,7297,7898,0.923904786,168,43.43452381,69.84170638,19,13.3434,9,515,0.008376958,0.003167296,0.008183704,0.003511772,0.001075616,0.02566419,0.077875625,0.038392564,0.076657879,0.044009665,0.00066681,0.170064781,"gurobi_(8, 0, 1)"
cs10_fdr0.15_gam2,13215.95675,52292.66212,zero-branch-length-collapsed_H5Nx_new_zerocollapsed,10,0.15,2,kuiper,qn,post,0.012251756,0,post-clean,na,7293,7898,0.923398329,185,39.42162162,42.41751032,22,14.826,10,250,0.007990252,0.00303353,0.007770746,0.003259616,2.00E-06,0.014617032,0.081702554,0.040260328,0.081243424,0.046754196,0.000661557,0.180152892,"gurobi_(8, 0, 1)"
cs10_fdr0.05_gam2,16076.9517,74492.32652,zero-branch-length-collapsed_H5Nx_new_zerocollapsed,10,0.05,2,kuiper,qn,post,0.012251756,0,post-clean,na,7241,7898,0.916814383,167,43.35928144,59.67232023,24,17.7912,10,466,0.008059573,0.002977282,0.007767491,0.003187171,2.00E-06,0.014617032,0.08098901,0.039845663,0.080889228,0.04637736,0.000661557,0.170333514,"gurobi_(8, 0, 1)"
cs10_fdr0.2_gam2,11949.28114,48042.19571,zero-branch-length-collapsed_H5Nx_new_zerocollapsed,10,0.2,2,kuiper,qn,post,0.012251756,0,post-clean,na,7236,7898,0.916181312,179,40.42458101,57.2674453,21,13.3434,10,506,0.008155681,0.00326811,0.007957585,0.003548903,2.00E-06,0.025029651,0.081614389,0.039591876,0.081461506,0.046197906,0.000656445,0.168016379,"gurobi_(8, 0, 1)"
cs9_fdr0.05_gam2,16027.72199,81087.24381,zero-branch-length-collapsed_H5Nx_new_zerocollapsed,9,0.05,2,kuiper,qn,post,0.012251756,0,post-clean,na,7229,7898,0.915295011,170,42.52352941,67.71618486,22,16.3086,9,507,0.008060891,0.002963239,0.007771272,0.003238235,0.001075616,0.014617032,0.078231576,0.038721426,0.076437936,0.044863326,0.00066181,0.170402061,"gurobi_(8, 0, 1)"
cs6_fdr0.2_gam2,11328.41816,51555.36658,zero-branch-length-collapsed_H5Nx_new_zerocollapsed,6,0.2,2,kuiper,qn,post,0.012251756,0,post-clean,na,7116,7898,0.900987592,186,38.25806452,60.06202258,18,13.3434,6,494,0.008002596,0.00336142,0.007815967,0.003777187,2.00E-06,0.02218679,0.07886387,0.038992477,0.077900019,0.044797807,0.000666191,0.178504046,"gurobi_(8, 0, 1)"
cs9_fdr0.15_gam2,13171.10037,61520.90216,zero-branch-length-collapsed_H5Nx_new_zerocollapsed,9,0.15,2,kuiper,qn,post,0.012251756,0,post-clean,na,7014,7898,0.88807293,175,40.08,61.70866293,19,11.8608,9,516,0.008177732,0.002891551,0.007943368,0.003171224,0.001075616,0.015665787,0.077748489,0.038453706,0.076094564,0.04428769,0.00066181,0.170064781,"gurobi_(8, 0, 1)"
cs9_fdr0.1_gam2,11828.16553,56582.70269,zero-branch-length-collapsed_H5Nx_new_zerocollapsed,9,0.1,2,kuiper,qn,post,0.012251756,0,post-clean,na,6935,7898,0.878070398,172,40.31976744,59.56702514,21,14.826,9,507,0.008018276,0.003065021,0.007773707,0.00335894,2.00E-06,0.014617032,0.079156579,0.039248021,0.077736121,0.045980534,0.000661557,0.170064781,"gurobi_(8, 0, 1)"
cs4_fdr0.2_gam1,6386.188249,39150.64414,zero-branch-length-collapsed_H5Nx_new_zerocollapsed,4,0.2,1,kuiper,qn,post,0.00767119,0,post-clean,na,6778,7898,0.858191947,289,23.4532872,33.78792208,13,8.8956,4,258,0.005429548,0.002373834,0.005377586,0.002705263,2.00E-06,0.022315865,0.084674451,0.040241709,0.084820603,0.046596323,0.000641819,0.188759199,"gurobi_(8, 0, 1)"
cs3_fdr0.2_gam1,5998.779835,38442.61075,zero-branch-length-collapsed_H5Nx_new_zerocollapsed,3,0.2,1,kuiper,qn,post,0.00767119,0,post-clean,na,6773,7898,0.857558876,299,22.65217391,33.17686113,12,8.8956,3,265,0.005330813,0.002450501,0.005316119,0.002818987,2.00E-06,0.021335507,0.085957368,0.040783203,0.08623021,0.047191293,0.000641819,0.194135756,"gurobi_(8, 0, 1)"
cs6_fdr0.2_gam1,6838.69632,40657.11792,zero-branch-length-collapsed_H5Nx_new_zerocollapsed,6,0.2,1,kuiper,qn,post,0.00767119,0,post-clean,na,6745,7898,0.854013674,267,25.26217228,35.0757316,14,8.8956,6,266,0.005426289,0.002202044,0.005365583,0.002586519,2.00E-06,0.022315865,0.085509833,0.040872005,0.086107932,0.047430075,0.000641819,0.18943161,"gurobi_(8, 0, 1)"
cs5_fdr0.2_gam1,6580.668438,39632.25388,zero-branch-length-collapsed_H5Nx_new_zerocollapsed,5,0.2,1,kuiper,qn,post,0.00767119,0,post-clean,na,6733,7898,0.852494302,282,23.87588652,33.2894486,13,8.8956,5,252,0.005490044,0.002305032,0.005426554,0.002653233,2.00E-06,0.022315865,0.085779863,0.041076486,0.086474721,0.047929029,0.000641819,0.18943161,"gurobi_(8, 0, 1)"
cs3_fdr0.15_gam1,5847.544893,34331.82983,zero-branch-length-collapsed_H5Nx_new_zerocollapsed,3,0.15,1,kuiper,qn,post,0.00767119,0,post-clean,na,6731,7898,0.852241074,290,23.21034483,33.61115778,13.5,9.6369,3,289,0.005336891,0.002292427,0.005311624,0.002628927,2.00E-06,0.022315865,0.085114558,0.040718976,0.085837148,0.047058397,0.000641819,0.188759199,"gurobi_(8, 0, 1)"
cs4_fdr0.1_gam1,5914.313992,30657.9491,zero-branch-length-collapsed_H5Nx_new_zerocollapsed,4,0.1,1,kuiper,qn,post,0.00767119,0,post-clean,na,6721,7898,0.85097493,268,25.07835821,35.53409264,14,10.3782,4,294,0.005479095,0.002338824,0.005408274,0.002683094,2.00E-06,0.022315865,0.085001537,0.040638644,0.085686138,0.047105281,0.000641819,0.188759199,"gurobi_(8, 0, 1)"
cs5_fdr0.15_gam1,6296.362108,39555.24846,zero-branch-length-collapsed_H5Nx_new_zerocollapsed,5,0.15,1,kuiper,qn,post,0.00767119,0,post-clean,na,6703,7898,0.848695872,280,23.93928571,33.19163257,13.5,8.1543,5,260,0.005427252,0.002320391,0.005386339,0.002711165,2.00E-06,0.022315865,0.084657472,0.040710256,0.085119805,0.047596571,0.000652273,0.194821514,"gurobi_(8, 0, 1)"
cs2_fdr0.2_gam1,5673.321807,29810.64842,zero-branch-length-collapsed_H5Nx_new_zerocollapsed,2,0.2,1,kuiper,qn,post,0.00767119,0,post-clean,na,6700,7898,0.848316029,286,23.42657343,36.94994044,13,10.3782,2,324,0.005241945,0.002257046,0.005143139,0.002577537,2.00E-06,0.022315865,0.084751746,0.04030735,0.085217075,0.046641118,0.000641819,0.188759199,"gurobi_(8, 0, 1)"
cs4_fdr0.15_gam1,6190.393106,36495.35031,zero-branch-length-collapsed_H5Nx_new_zerocollapsed,4,0.15,1,kuiper,qn,post,0.00767119,0,post-clean,na,6693,7898,0.847429729,289,23.15916955,30.47110871,14,8.8956,4,235,0.005319388,0.002352218,0.005255294,0.002660856,2.00E-06,0.022315865,0.085635546,0.040829463,0.086285854,0.047462185,0.000641819,0.188759199,"gurobi_(8, 0, 1)"
cs5_fdr0.1_gam1,6488.699528,36071.34494,zero-branch-length-collapsed_H5Nx_new_zerocollapsed,5,0.1,1,kuiper,qn,post,0.00767119,0,post-clean,na,6693,7898,0.847429729,264,25.35227273,35.90281764,15,10.3782,5,291,0.005559611,0.002198953,0.005504357,0.002570245,2.00E-06,0.022315865,0.085485464,0.041002035,0.086279691,0.047741885,0.000652273,0.188759199,"gurobi_(8, 0, 1)"
cs6_fdr0.15_gam1,6968.463659,41312.52255,zero-branch-length-collapsed_H5Nx_new_zerocollapsed,6,0.15,1,kuiper,qn,post,0.00767119,0,post-clean,na,6670,7898,0.844517599,257,25.95330739,35.17464461,15,8.8956,6,260,0.005429341,0.002202579,0.005365101,0.002562103,2.00E-06,0.022315865,0.085180412,0.040873126,0.085847758,0.047671267,0.000652273,0.194821514,"gurobi_(8, 0, 1)"
cs6_fdr0.1_gam1,6437.169613,30562.10294,zero-branch-length-collapsed_H5Nx_new_zerocollapsed,6,0.1,1,kuiper,qn,post,0.00767119,0,post-clean,na,6668,7898,0.844264371,257,25.94552529,33.25806043,15,8.8956,6,264,0.00533406,0.002166642,0.005257121,0.002513585,2.00E-06,0.022315865,0.086535912,0.041036355,0.087777544,0.047452861,0.000652273,0.188759199,"gurobi_(8, 0, 1)"
cs3_fdr0.05_gam1,5934.048581,28757.94781,zero-branch-length-collapsed_H5Nx_new_zerocollapsed,3,0.05,1,kuiper,qn,post,0.00767119,0,post-clean,na,6666,7898,0.844011142,273,24.41758242,34.08922093,14,10.3782,3,265,0.005462701,0.002211836,0.005391927,0.002601007,2.00E-06,0.022315865,0.084896205,0.040453413,0.085197287,0.046705392,0.000641819,0.188759199,"gurobi_(8, 0, 1)"
cs3_fdr0.1_gam1,5535.905982,29697.0875,zero-branch-length-collapsed_H5Nx_new_zerocollapsed,3,0.1,1,kuiper,qn,post,0.00767119,0,post-clean,na,6665,7898,0.843884528,286,23.3041958,32.59278442,14,10.3782,3,294,0.005433171,0.002347106,0.005359684,0.002668746,2.00E-06,0.024410144,0.084916502,0.040240742,0.085523486,0.046359078,0.000641819,0.188759199,"gurobi_(8, 0, 1)"
cs2_fdr0.1_gam1,5651.645195,28029.39704,zero-branch-length-collapsed_H5Nx_new_zerocollapsed,2,0.1,1,kuiper,qn,post,0.00767119,0,post-clean,na,6644,7898,0.841225627,278,23.89928058,33.72115319,13,10.3782,2,259,0.005384655,0.002344904,0.005318836,0.002638426,2.00E-06,0.02531701,0.085468964,0.04068241,0.086221044,0.047202438,0.000652273,0.188759199,"gurobi_(8, 0, 1)"
cs7_fdr0.1_gam1,7120.331075,36355.9152,zero-branch-length-collapsed_H5Nx_new_zerocollapsed,7,0.1,1,kuiper,qn,post,0.00767119,0,post-clean,na,6642,7898,0.840972398,239,27.79079498,36.14568676,16,10.3782,7,264,0.005510864,0.002130465,0.005421189,0.002507049,2.00E-06,0.022315865,0.085025654,0.041289473,0.085646523,0.048066617,0.000652273,0.188759199,"gurobi_(8, 0, 1)"
cs2_fdr0.15_gam1,5222.555455,26879.20906,zero-branch-length-collapsed_H5Nx_new_zerocollapsed,2,0.15,1,kuiper,qn,post,0.00767119,0,post-clean,na,6640,7898,0.840719169,283,23.46289753,32.89454246,13,10.3782,2,255,0.005362265,0.002487577,0.005278626,0.002744856,2.00E-06,0.02531701,0.085591426,0.040622814,0.086455111,0.046916905,0.000652273,0.188759199,"gurobi_(8, 0, 1)"
cs5_fdr0.05_gam1,6717.73407,32508.76432,zero-branch-length-collapsed_H5Nx_new_zerocollapsed,5,0.05,1,kuiper,qn,post,0.00767119,0,post-clean,na,6634,7898,0.839959483,260,25.51538462,38.85280303,14,8.8956,5,323,0.005433527,0.002287007,0.005341694,0.002649846,2.00E-06,0.022315865,0.085183773,0.041178013,0.085851888,0.047904337,0.00065748,0.188759199,"gurobi_(8, 0, 1)"
cs8_fdr0.2_gam1,6911.482858,34279.85519,zero-branch-length-collapsed_H5Nx_new_zerocollapsed,8,0.2,1,kuiper,qn,post,0.00767119,0,post-clean,na,6621,7898,0.838313497,242,27.35950413,34.755084,15,7.413,8,261,0.005457644,0.002306033,0.005396136,0.002653414,2.00E-06,0.022315865,0.086592976,0.041673584,0.088114592,0.048372139,0.000652273,0.1921255,"gurobi_(8, 0, 1)"
cs6_fdr0.05_gam1,6535.560924,32209.86719,zero-branch-length-collapsed_H5Nx_new_zerocollapsed,6,0.05,1,kuiper,qn,post,0.00767119,0,post-clean,na,6616,7898,0.837680425,245,27.00408163,38.774199,15,8.8956,6,312,0.005383916,0.002133666,0.005264906,0.002435075,2.00E-06,0.022315865,0.084932663,0.041073684,0.086032421,0.04776622,0.000641819,0.188759199,"gurobi_(8, 0, 1)"
cs7_fdr0.2_gam1,7214.32188,42015.89545,zero-branch-length-collapsed_H5Nx_new_zerocollapsed,7,0.2,1,kuiper,qn,post,0.00767119,0,post-clean,na,6614,7898,0.837427197,249,26.562249,34.40105524,15,8.8956,7,252,0.005394528,0.002148511,0.005389866,0.002486553,2.00E-06,0.022315865,0.084771718,0.041236746,0.085116848,0.048158497,0.000652273,0.188759199,"gurobi_(8, 0, 1)"
cs4_fdr0.05_gam1,5873.339073,28364.58408,zero-branch-length-collapsed_H5Nx_new_zerocollapsed,4,0.05,1,kuiper,qn,post,0.00767119,0,post-clean,na,6604,7898,0.836161053,262,25.20610687,31.75787652,15,10.3782,4,265,0.005387001,0.002139826,0.005244623,0.002440729,2.00E-06,0.022315865,0.084716549,0.040660911,0.085057701,0.047098782,0.000641819,0.188759199,"gurobi_(8, 0, 1)"
cs2_fdr0.05_gam1,5679.320525,28183.71642,zero-branch-length-collapsed_H5Nx_new_zerocollapsed,2,0.05,1,kuiper,qn,post,0.00767119,0,post-clean,na,6571,7898,0.83198278,265,24.79622642,33.59253368,15,11.8608,2,265,0.005441956,0.002350412,0.005401747,0.002739168,2.00E-06,0.022315865,0.084117818,0.040493936,0.084515671,0.046913933,0.000641819,0.194821514,"gurobi_(8, 0, 1)"
cs7_fdr0.15_gam1,7237.355576,39188.35486,zero-branch-length-collapsed_H5Nx_new_zerocollapsed,7,0.15,1,kuiper,qn,post,0.00767119,0,post-clean,na,6569,7898,0.831729552,250,26.276,31.86252826,15,8.8956,7,233,0.005376331,0.002200302,0.005360896,0.00252656,2.00E-06,0.022315865,0.08566178,0.041312966,0.086293791,0.048238154,0.000652273,0.188759199,"gurobi_(8, 0, 1)"
cs8_fdr0.1_gam1,7306.334828,36538.77278,zero-branch-length-collapsed_H5Nx_new_zerocollapsed,8,0.1,1,kuiper,qn,post,0.00767119,0,post-clean,na,6559,7898,0.830463408,230,28.5173913,34.8781679,17,10.3782,8,241,0.005579362,0.002265977,0.005466275,0.002590601,2.00E-06,0.022315865,0.085285262,0.041331555,0.086021159,0.04806466,0.000125274,0.188759199,"gurobi_(8, 0, 1)"
cs7_fdr0.05_gam1,6771.524584,30616.11634,zero-branch-length-collapsed_H5Nx_new_zerocollapsed,7,0.05,1,kuiper,qn,post,0.00767119,0,post-clean,na,6544,7898,0.828564193,235,27.84680851,32.38566246,17,10.3782,7,237,0.005396745,0.002196645,0.005304124,0.002525087,2.00E-06,0.022315865,0.08613653,0.041573373,0.087165657,0.047888497,0.00065748,0.188759199,"gurobi_(8, 0, 1)"
cs8_fdr0.15_gam1,6933.013981,33180.07422,zero-branch-length-collapsed_H5Nx_new_zerocollapsed,8,0.15,1,kuiper,qn,post,0.00767119,0,post-clean,na,6541,7898,0.82818435,240,27.25416667,33.46874492,16,8.8956,8,261,0.00539899,0.002356198,0.005319262,0.002667892,2.00E-06,0.022315865,0.086623732,0.041525227,0.088518163,0.048048534,0.000652273,0.1921255,"gurobi_(8, 0, 1)"
cs9_fdr0.2_gam1,5971.514933,21387.57628,zero-branch-length-collapsed_H5Nx_new_zerocollapsed,9,0.2,1,kuiper,qn,post,0.00767119,0,post-clean,na,6540,7898,0.828057736,230,28.43478261,32.29453168,17,10.3782,9,231,0.005502879,0.002117509,0.005423657,0.002506763,2.00E-06,0.022315865,0.085721567,0.041397317,0.086857511,0.048158692,0.000125274,0.188759199,"gurobi_(8, 0, 1)"
cs8_fdr0.05_gam1,6849.161363,30714.14094,zero-branch-length-collapsed_H5Nx_new_zerocollapsed,8,0.05,1,kuiper,qn,post,0.00767119,0,post-clean,na,6535,7898,0.827424664,231,28.29004329,32.34095311,17,10.3782,8,242,0.005521778,0.002300318,0.00542892,0.002614053,2.00E-06,0.022315865,0.085311315,0.041507808,0.086677781,0.048105243,0.000652273,0.188759199,"gurobi_(8, 0, 1)"
cs9_fdr0.15_gam1,7108.236265,32911.37261,zero-branch-length-collapsed_H5Nx_new_zerocollapsed,9,0.15,1,kuiper,qn,post,0.00767119,0,post-clean,na,6535,7898,0.827424664,227,28.78854626,34.42099137,17,8.8956,9,244,0.005551464,0.00212448,0.005483228,0.002496323,2.00E-06,0.022315865,0.085665097,0.041308827,0.086537619,0.047908569,0.000125274,0.188759199,"gurobi_(8, 0, 1)"
cs9_fdr0.05_gam1,5521.721242,19576.42007,zero-branch-length-collapsed_H5Nx_new_zerocollapsed,9,0.05,1,kuiper,qn,post,0.00767119,0,post-clean,na,6517,7898,0.825145606,228,28.58333333,31.34513127,18,10.3782,9,233,0.005449974,0.002173895,0.005358093,0.002503317,2.00E-06,0.022315865,0.085501004,0.041399131,0.085889389,0.047933672,0.000125274,0.188759199,"gurobi_(8, 0, 1)"
cs9_fdr0.1_gam1,7402.580626,36711.98267,zero-branch-length-collapsed_H5Nx_new_zerocollapsed,9,0.1,1,kuiper,qn,post,0.00767119,0,post-clean,na,6517,7898,0.825145606,228,28.58333333,33.92875515,17,8.8956,9,229,0.005523347,0.002168492,0.005441341,0.002574295,2.00E-06,0.022315865,0.08527559,0.041327785,0.085536542,0.048154325,0.000125274,0.188759199,"gurobi_(8, 0, 1)"
cs10_fdr0.2_gam1,7559.188274,37303.17151,zero-branch-length-collapsed_H5Nx_new_zerocollapsed,10,0.2,1,kuiper,qn,post,0.00767119,0,post-clean,na,6455,7898,0.817295518,218,29.61009174,31.47523771,18,8.8956,10,220,0.005612145,0.002347136,0.005551165,0.002661218,0.000701426,0.022315865,0.087596685,0.041759906,0.089312896,0.04825237,0.00065748,0.184701175,"gurobi_(8, 0, 1)"
cs10_fdr0.1_gam1,7135.05257,30876.79549,zero-branch-length-collapsed_H5Nx_new_zerocollapsed,10,0.1,1,kuiper,qn,post,0.00767119,0,post-clean,na,6452,7898,0.816915675,217,29.73271889,32.26341938,18,10.3782,10,229,0.005606392,0.002340075,0.00551435,0.002675557,0.000701426,0.022315865,0.085577224,0.041489396,0.086519068,0.048087081,0.00065748,0.184701175,"gurobi_(8, 0, 1)"
cs10_fdr0.05_gam1,5628.151558,18007.623,zero-branch-length-collapsed_H5Nx_new_zerocollapsed,10,0.05,1,kuiper,qn,post,0.00767119,0,post-clean,na,6440,7898,0.815396303,221,29.14027149,29.85576323,18,10.3782,10,229,0.005460391,0.002191429,0.005369895,0.002547128,0.000563498,0.022315865,0.085825796,0.041718449,0.086519068,0.048259763,0.00065748,0.184701175,"gurobi_(8, 0, 1)"
cs10_fdr0.15_gam1,6729.660515,27630.15831,zero-branch-length-collapsed_H5Nx_new_zerocollapsed,10,0.15,1,kuiper,qn,post,0.00767119,0,post-clean,na,6433,7898,0.814510003,219,29.37442922,31.45254885,17,8.8956,10,202,0.005592203,0.002404079,0.005539522,0.002756769,0.000701426,0.022315865,0.086386331,0.041652297,0.087420776,0.048307842,0.00065748,0.184701175,"gurobi_(8, 0, 1)"